{ 
"RECORDS": 
[
  {
    "id": 1,
    "diamond": 1,
    "gold": 500
  },
  {
    "id": 2,
    "diamond": 1,
    "gold": 550
  },
  {
    "id": 3,
    "diamond": 1,
    "gold": 600
  },
  {
    "id": 4,
    "diamond": 1,
    "gold": 650
  },
  {
    "id": 5,
    "diamond": 1,
    "gold": 700
  },
  {
    "id": 6,
    "diamond": 1,
    "gold": 750
  },
  {
    "id": 7,
    "diamond": 1,
    "gold": 800
  },
  {
    "id": 8,
    "diamond": 1,
    "gold": 850
  },
  {
    "id": 9,
    "diamond": 1,
    "gold": 900
  },
  {
    "id": 10,
    "diamond": 1,
    "gold": 950
  },
  {
    "id": 11,
    "diamond": 1,
    "gold": 1000
  },
  {
    "id": 12,
    "diamond": 1,
    "gold": 1050
  },
  {
    "id": 13,
    "diamond": 1,
    "gold": 1100
  },
  {
    "id": 14,
    "diamond": 1,
    "gold": 1150
  },
  {
    "id": 15,
    "diamond": 1,
    "gold": 1200
  },
  {
    "id": 16,
    "diamond": 1,
    "gold": 1250
  },
  {
    "id": 17,
    "diamond": 1,
    "gold": 1300
  },
  {
    "id": 18,
    "diamond": 1,
    "gold": 1350
  },
  {
    "id": 19,
    "diamond": 1,
    "gold": 1400
  },
  {
    "id": 20,
    "diamond": 1,
    "gold": 1450
  },
  {
    "id": 21,
    "diamond": 1,
    "gold": 1500
  },
  {
    "id": 22,
    "diamond": 1,
    "gold": 1550
  },
  {
    "id": 23,
    "diamond": 1,
    "gold": 1600
  },
  {
    "id": 24,
    "diamond": 1,
    "gold": 1650
  },
  {
    "id": 25,
    "diamond": 1,
    "gold": 1700
  },
  {
    "id": 26,
    "diamond": 1,
    "gold": 1750
  },
  {
    "id": 27,
    "diamond": 1,
    "gold": 1800
  },
  {
    "id": 28,
    "diamond": 1,
    "gold": 1850
  },
  {
    "id": 29,
    "diamond": 1,
    "gold": 1900
  },
  {
    "id": 30,
    "diamond": 1,
    "gold": 1950
  },
  {
    "id": 31,
    "diamond": 1,
    "gold": 2000
  },
  {
    "id": 32,
    "diamond": 1,
    "gold": 2050
  },
  {
    "id": 33,
    "diamond": 1,
    "gold": 2100
  },
  {
    "id": 34,
    "diamond": 1,
    "gold": 2150
  },
  {
    "id": 35,
    "diamond": 1,
    "gold": 2200
  },
  {
    "id": 36,
    "diamond": 1,
    "gold": 2250
  },
  {
    "id": 37,
    "diamond": 1,
    "gold": 2300
  },
  {
    "id": 38,
    "diamond": 1,
    "gold": 2350
  },
  {
    "id": 39,
    "diamond": 1,
    "gold": 2400
  },
  {
    "id": 40,
    "diamond": 1,
    "gold": 2450
  },
  {
    "id": 41,
    "diamond": 1,
    "gold": 2500
  },
  {
    "id": 42,
    "diamond": 1,
    "gold": 2550
  },
  {
    "id": 43,
    "diamond": 1,
    "gold": 2600
  },
  {
    "id": 44,
    "diamond": 1,
    "gold": 2650
  },
  {
    "id": 45,
    "diamond": 1,
    "gold": 2700
  },
  {
    "id": 46,
    "diamond": 1,
    "gold": 2750
  },
  {
    "id": 47,
    "diamond": 1,
    "gold": 2800
  },
  {
    "id": 48,
    "diamond": 1,
    "gold": 2850
  },
  {
    "id": 49,
    "diamond": 1,
    "gold": 2900
  },
  {
    "id": 50,
    "diamond": 1,
    "gold": 2950
  },
  {
    "id": 51,
    "diamond": 1,
    "gold": 3000
  },
  {
    "id": 52,
    "diamond": 1,
    "gold": 3050
  },
  {
    "id": 53,
    "diamond": 1,
    "gold": 3100
  },
  {
    "id": 54,
    "diamond": 1,
    "gold": 3150
  },
  {
    "id": 55,
    "diamond": 1,
    "gold": 3200
  },
  {
    "id": 56,
    "diamond": 1,
    "gold": 3250
  },
  {
    "id": 57,
    "diamond": 1,
    "gold": 3300
  },
  {
    "id": 58,
    "diamond": 1,
    "gold": 3350
  },
  {
    "id": 59,
    "diamond": 1,
    "gold": 3400
  },
  {
    "id": 60,
    "diamond": 1,
    "gold": 3450
  },
  {
    "id": 61,
    "diamond": 1,
    "gold": 3500
  },
  {
    "id": 62,
    "diamond": 1,
    "gold": 3550
  },
  {
    "id": 63,
    "diamond": 1,
    "gold": 3600
  },
  {
    "id": 64,
    "diamond": 1,
    "gold": 3650
  },
  {
    "id": 65,
    "diamond": 1,
    "gold": 3700
  },
  {
    "id": 66,
    "diamond": 1,
    "gold": 3750
  },
  {
    "id": 67,
    "diamond": 1,
    "gold": 3800
  },
  {
    "id": 68,
    "diamond": 1,
    "gold": 3850
  },
  {
    "id": 69,
    "diamond": 1,
    "gold": 3900
  },
  {
    "id": 70,
    "diamond": 1,
    "gold": 3950
  },
  {
    "id": 71,
    "diamond": 1,
    "gold": 4000
  },
  {
    "id": 72,
    "diamond": 1,
    "gold": 4050
  },
  {
    "id": 73,
    "diamond": 1,
    "gold": 4100
  },
  {
    "id": 74,
    "diamond": 1,
    "gold": 4150
  },
  {
    "id": 75,
    "diamond": 1,
    "gold": 4200
  },
  {
    "id": 76,
    "diamond": 1,
    "gold": 4250
  },
  {
    "id": 77,
    "diamond": 1,
    "gold": 4300
  },
  {
    "id": 78,
    "diamond": 1,
    "gold": 4350
  },
  {
    "id": 79,
    "diamond": 1,
    "gold": 4400
  },
  {
    "id": 80,
    "diamond": 1,
    "gold": 4450
  },
  {
    "id": 81,
    "diamond": 1,
    "gold": 4500
  },
  {
    "id": 82,
    "diamond": 1,
    "gold": 4550
  },
  {
    "id": 83,
    "diamond": 1,
    "gold": 4600
  },
  {
    "id": 84,
    "diamond": 1,
    "gold": 4650
  },
  {
    "id": 85,
    "diamond": 1,
    "gold": 4700
  },
  {
    "id": 86,
    "diamond": 1,
    "gold": 4750
  },
  {
    "id": 87,
    "diamond": 1,
    "gold": 4800
  },
  {
    "id": 88,
    "diamond": 1,
    "gold": 4850
  },
  {
    "id": 89,
    "diamond": 1,
    "gold": 4900
  },
  {
    "id": 90,
    "diamond": 1,
    "gold": 4950
  },
  {
    "id": 91,
    "diamond": 1,
    "gold": 5000
  },
  {
    "id": 92,
    "diamond": 1,
    "gold": 5000
  },
  {
    "id": 93,
    "diamond": 1,
    "gold": 5000
  },
  {
    "id": 94,
    "diamond": 1,
    "gold": 5000
  },
  {
    "id": 95,
    "diamond": 1,
    "gold": 5000
  },
  {
    "id": 96,
    "diamond": 1,
    "gold": 5000
  },
  {
    "id": 97,
    "diamond": 1,
    "gold": 5000
  },
  {
    "id": 98,
    "diamond": 1,
    "gold": 5000
  },
  {
    "id": 99,
    "diamond": 1,
    "gold": 5000
  },
  {
    "id": 100,
    "diamond": 1,
    "gold": 5000
  },
  {
    "id": 101,
    "diamond": 1,
    "gold": 5000
  },
  {
    "id": 102,
    "diamond": 1,
    "gold": 5000
  },
  {
    "id": 103,
    "diamond": 1,
    "gold": 5000
  },
  {
    "id": 104,
    "diamond": 1,
    "gold": 5000
  },
  {
    "id": 105,
    "diamond": 1,
    "gold": 5000
  },
  {
    "id": 106,
    "diamond": 1,
    "gold": 5000
  },
  {
    "id": 107,
    "diamond": 1,
    "gold": 5000
  },
  {
    "id": 108,
    "diamond": 1,
    "gold": 5000
  },
  {
    "id": 109,
    "diamond": 1,
    "gold": 5000
  },
  {
    "id": 110,
    "diamond": 1,
    "gold": 5000
  },
  {
    "id": 111,
    "diamond": 1,
    "gold": 5000
  },
  {
    "id": 112,
    "diamond": 1,
    "gold": 5000
  },
  {
    "id": 113,
    "diamond": 1,
    "gold": 5000
  },
  {
    "id": 114,
    "diamond": 1,
    "gold": 5000
  },
  {
    "id": 115,
    "diamond": 1,
    "gold": 5000
  },
  {
    "id": 116,
    "diamond": 1,
    "gold": 5000
  },
  {
    "id": 117,
    "diamond": 1,
    "gold": 5000
  },
  {
    "id": 118,
    "diamond": 1,
    "gold": 5000
  },
  {
    "id": 119,
    "diamond": 1,
    "gold": 5000
  },
  {
    "id": 120,
    "diamond": 1,
    "gold": 5000
  },
  {
    "id": 121,
    "diamond": 1,
    "gold": 5000
  },
  {
    "id": 122,
    "diamond": 1,
    "gold": 5000
  },
  {
    "id": 123,
    "diamond": 1,
    "gold": 5000
  },
  {
    "id": 124,
    "diamond": 1,
    "gold": 5000
  },
  {
    "id": 125,
    "diamond": 1,
    "gold": 5000
  },
  {
    "id": 126,
    "diamond": 1,
    "gold": 5000
  },
  {
    "id": 127,
    "diamond": 1,
    "gold": 5000
  },
  {
    "id": 128,
    "diamond": 1,
    "gold": 5000
  },
  {
    "id": 129,
    "diamond": 1,
    "gold": 5000
  },
  {
    "id": 130,
    "diamond": 1,
    "gold": 5000
  },
  {
    "id": 131,
    "diamond": 1,
    "gold": 5000
  },
  {
    "id": 132,
    "diamond": 1,
    "gold": 5000
  },
  {
    "id": 133,
    "diamond": 1,
    "gold": 5000
  },
  {
    "id": 134,
    "diamond": 1,
    "gold": 5000
  },
  {
    "id": 135,
    "diamond": 1,
    "gold": 5000
  },
  {
    "id": 136,
    "diamond": 1,
    "gold": 5000
  },
  {
    "id": 137,
    "diamond": 1,
    "gold": 5000
  },
  {
    "id": 138,
    "diamond": 1,
    "gold": 5000
  },
  {
    "id": 139,
    "diamond": 1,
    "gold": 5000
  },
  {
    "id": 140,
    "diamond": 1,
    "gold": 5000
  },
  {
    "id": 141,
    "diamond": 1,
    "gold": 5000
  },
  {
    "id": 142,
    "diamond": 1,
    "gold": 5000
  },
  {
    "id": 143,
    "diamond": 1,
    "gold": 5000
  },
  {
    "id": 144,
    "diamond": 1,
    "gold": 5000
  },
  {
    "id": 145,
    "diamond": 1,
    "gold": 5000
  },
  {
    "id": 146,
    "diamond": 1,
    "gold": 5000
  },
  {
    "id": 147,
    "diamond": 1,
    "gold": 5000
  },
  {
    "id": 148,
    "diamond": 1,
    "gold": 5000
  },
  {
    "id": 149,
    "diamond": 1,
    "gold": 5000
  },
  {
    "id": 150,
    "diamond": 1,
    "gold": 5000
  },
  {
    "id": 151,
    "diamond": 1,
    "gold": 5000
  },
  {
    "id": 152,
    "diamond": 1,
    "gold": 5000
  },
  {
    "id": 153,
    "diamond": 1,
    "gold": 5000
  },
  {
    "id": 154,
    "diamond": 1,
    "gold": 5000
  },
  {
    "id": 155,
    "diamond": 1,
    "gold": 5000
  },
  {
    "id": 156,
    "diamond": 1,
    "gold": 5000
  },
  {
    "id": 157,
    "diamond": 1,
    "gold": 5000
  },
  {
    "id": 158,
    "diamond": 1,
    "gold": 5000
  },
  {
    "id": 159,
    "diamond": 1,
    "gold": 5000
  },
  {
    "id": 160,
    "diamond": 1,
    "gold": 5000
  },
  {
    "id": 161,
    "diamond": 1,
    "gold": 5000
  },
  {
    "id": 162,
    "diamond": 1,
    "gold": 5000
  },
  {
    "id": 163,
    "diamond": 1,
    "gold": 5000
  },
  {
    "id": 164,
    "diamond": 1,
    "gold": 5000
  },
  {
    "id": 165,
    "diamond": 1,
    "gold": 5000
  },
  {
    "id": 166,
    "diamond": 1,
    "gold": 5000
  },
  {
    "id": 167,
    "diamond": 1,
    "gold": 5000
  },
  {
    "id": 168,
    "diamond": 1,
    "gold": 5000
  },
  {
    "id": 169,
    "diamond": 1,
    "gold": 5000
  },
  {
    "id": 170,
    "diamond": 1,
    "gold": 5000
  },
  {
    "id": 171,
    "diamond": 1,
    "gold": 5000
  },
  {
    "id": 172,
    "diamond": 1,
    "gold": 5000
  },
  {
    "id": 173,
    "diamond": 1,
    "gold": 5000
  },
  {
    "id": 174,
    "diamond": 1,
    "gold": 5000
  },
  {
    "id": 175,
    "diamond": 1,
    "gold": 5000
  },
  {
    "id": 176,
    "diamond": 1,
    "gold": 5000
  },
  {
    "id": 177,
    "diamond": 1,
    "gold": 5000
  },
  {
    "id": 178,
    "diamond": 1,
    "gold": 5000
  },
  {
    "id": 179,
    "diamond": 1,
    "gold": 5000
  },
  {
    "id": 180,
    "diamond": 1,
    "gold": 5000
  },
  {
    "id": 181,
    "diamond": 1,
    "gold": 5000
  },
  {
    "id": 182,
    "diamond": 1,
    "gold": 5000
  },
  {
    "id": 183,
    "diamond": 1,
    "gold": 5000
  },
  {
    "id": 184,
    "diamond": 1,
    "gold": 5000
  },
  {
    "id": 185,
    "diamond": 1,
    "gold": 5000
  },
  {
    "id": 186,
    "diamond": 1,
    "gold": 5000
  },
  {
    "id": 187,
    "diamond": 1,
    "gold": 5000
  },
  {
    "id": 188,
    "diamond": 1,
    "gold": 5000
  },
  {
    "id": 189,
    "diamond": 1,
    "gold": 5000
  },
  {
    "id": 190,
    "diamond": 1,
    "gold": 5000
  },
  {
    "id": 191,
    "diamond": 1,
    "gold": 5000
  },
  {
    "id": 192,
    "diamond": 1,
    "gold": 5000
  },
  {
    "id": 193,
    "diamond": 1,
    "gold": 5000
  },
  {
    "id": 194,
    "diamond": 1,
    "gold": 5000
  },
  {
    "id": 195,
    "diamond": 1,
    "gold": 5000
  },
  {
    "id": 196,
    "diamond": 1,
    "gold": 5000
  },
  {
    "id": 197,
    "diamond": 1,
    "gold": 5000
  },
  {
    "id": 198,
    "diamond": 1,
    "gold": 5000
  },
  {
    "id": 199,
    "diamond": 1,
    "gold": 5000
  },
  {
    "id": 200,
    "diamond": 1,
    "gold": 5000
  }
]
}