{ 
"RECORDS": 
[
  {
    "id": 1,
    "boss": "30004|1",
    "distance": 60,
    "monster": "10801|2",
    "time": "1.2000|2.0000"
  },
  {
    "id": 2,
    "boss": "30108|1",
    "distance": 120,
    "monster": "11102|2",
    "time": "1.1995|1.9950"
  },
  {
    "id": 3,
    "boss": "30212|1",
    "distance": 180,
    "monster": "11202|2",
    "time": "1.1990|1.9900"
  },
  {
    "id": 4,
    "boss": "30316|1",
    "distance": 240,
    "monster": "10603|2",
    "time": "1.1985|1.9850"
  },
  {
    "id": 5,
    "boss": "30420|1",
    "distance": 300,
    "monster": "10503|2",
    "time": "1.1980|1.9800"
  },
  {
    "id": 6,
    "boss": "30524|1",
    "distance": 360,
    "monster": "10004|2",
    "time": "1.1975|1.9750"
  },
  {
    "id": 7,
    "boss": "30628|1",
    "distance": 420,
    "monster": "10704|2",
    "time": "1.1970|1.9700"
  },
  {
    "id": 8,
    "boss": "30732|1",
    "distance": 480,
    "monster": "10805|2",
    "time": "1.1965|1.9650"
  },
  {
    "id": 9,
    "boss": "30836|1",
    "distance": 540,
    "monster": "10905|2",
    "time": "1.1960|1.9600"
  },
  {
    "id": 10,
    "boss": "30940|1",
    "distance": 600,
    "monster": "10406|2",
    "time": "1.1955|1.9550"
  },
  {
    "id": 11,
    "boss": "31044|1",
    "distance": 660,
    "monster": "10806|2",
    "time": "1.1950|1.9500"
  },
  {
    "id": 12,
    "boss": "31148|1",
    "distance": 720,
    "monster": "10307|2",
    "time": "1.1945|1.9450"
  },
  {
    "id": 13,
    "boss": "31252|1",
    "distance": 780,
    "monster": "10307|2",
    "time": "1.1940|1.9400"
  },
  {
    "id": 14,
    "boss": "31456|1",
    "distance": 840,
    "monster": "11408|2",
    "time": "1.1935|1.9350"
  },
  {
    "id": 15,
    "boss": "30060|1",
    "distance": 900,
    "monster": "10808|2",
    "time": "1.1930|1.9300"
  },
  {
    "id": 16,
    "boss": "30164|1",
    "distance": 960,
    "monster": "11109|2",
    "time": "1.1925|1.9250"
  },
  {
    "id": 17,
    "boss": "30268|1",
    "distance": 1020,
    "monster": "10409|2",
    "time": "1.1920|1.9200"
  },
  {
    "id": 18,
    "boss": "30372|1",
    "distance": 1080,
    "monster": "11410|2",
    "time": "1.1915|1.9150"
  },
  {
    "id": 19,
    "boss": "30476|1",
    "distance": 1140,
    "monster": "10410|2",
    "time": "1.1910|1.9100"
  },
  {
    "id": 20,
    "boss": "30580|1",
    "distance": 1200,
    "monster": "10911|2",
    "time": "1.1905|1.9050"
  },
  {
    "id": 21,
    "boss": "30684|1",
    "distance": 1260,
    "monster": "11011|2",
    "time": "1.1900|1.9000"
  },
  {
    "id": 22,
    "boss": "30788|1",
    "distance": 1320,
    "monster": "10312|2",
    "time": "1.1895|1.8950"
  },
  {
    "id": 23,
    "boss": "30892|1",
    "distance": 1380,
    "monster": "10112|2",
    "time": "1.1890|1.8900"
  },
  {
    "id": 24,
    "boss": "30996|1",
    "distance": 1440,
    "monster": "10313|2",
    "time": "1.1885|1.8850"
  },
  {
    "id": 25,
    "boss": "31099|1",
    "distance": 1500,
    "monster": "10413|2",
    "time": "1.1880|1.8800"
  },
  {
    "id": 26,
    "boss": "31199|1",
    "distance": 1560,
    "monster": "10914|2",
    "time": "1.1875|1.8750"
  },
  {
    "id": 27,
    "boss": "31299|1",
    "distance": 1620,
    "monster": "10814|2",
    "time": "1.1870|1.8700"
  },
  {
    "id": 28,
    "boss": "31499|1",
    "distance": 1680,
    "monster": "11215|2",
    "time": "1.1865|1.8650"
  },
  {
    "id": 29,
    "boss": "30099|1",
    "distance": 1740,
    "monster": "11315|2",
    "time": "1.1860|1.8600"
  },
  {
    "id": 30,
    "boss": "30199|1",
    "distance": 1800,
    "monster": "10716|2",
    "time": "1.1855|1.8550"
  },
  {
    "id": 31,
    "boss": "30299|1",
    "distance": 1860,
    "monster": "10516|2",
    "time": "1.1850|1.8500"
  },
  {
    "id": 32,
    "boss": "30399|1",
    "distance": 1920,
    "monster": "10017|2",
    "time": "1.1845|1.8450"
  },
  {
    "id": 33,
    "boss": "30499|1",
    "distance": 1980,
    "monster": "10017|2",
    "time": "1.1840|1.8400"
  },
  {
    "id": 34,
    "boss": "30599|1",
    "distance": 2040,
    "monster": "10718|2",
    "time": "1.1835|1.8350"
  },
  {
    "id": 35,
    "boss": "30699|1",
    "distance": 2100,
    "monster": "10318|2",
    "time": "1.1830|1.8300"
  },
  {
    "id": 36,
    "boss": "30799|1",
    "distance": 2160,
    "monster": "10219|2",
    "time": "1.1825|1.8250"
  },
  {
    "id": 37,
    "boss": "30899|1",
    "distance": 2220,
    "monster": "10719|2",
    "time": "1.1820|1.8200"
  },
  {
    "id": 38,
    "boss": "30999|1",
    "distance": 2280,
    "monster": "11120|2",
    "time": "1.1815|1.8150"
  },
  {
    "id": 39,
    "boss": "31099|1",
    "distance": 2340,
    "monster": "10820|2",
    "time": "1.1810|1.8100"
  },
  {
    "id": 40,
    "boss": "31199|1",
    "distance": 2400,
    "monster": "10321|2",
    "time": "1.1805|1.8050"
  },
  {
    "id": 41,
    "boss": "31299|1",
    "distance": 2460,
    "monster": "10421|2",
    "time": "1.1800|1.8000"
  },
  {
    "id": 42,
    "boss": "31499|1",
    "distance": 2520,
    "monster": "10822|2",
    "time": "1.1795|1.7950"
  },
  {
    "id": 43,
    "boss": "30099|1",
    "distance": 2580,
    "monster": "11222|2",
    "time": "1.1790|1.7900"
  },
  {
    "id": 44,
    "boss": "30199|1",
    "distance": 2640,
    "monster": "11023|2",
    "time": "1.1785|1.7850"
  },
  {
    "id": 45,
    "boss": "30299|1",
    "distance": 2700,
    "monster": "10223|2",
    "time": "1.1780|1.7800"
  },
  {
    "id": 46,
    "boss": "30399|1",
    "distance": 2760,
    "monster": "10724|2",
    "time": "1.1775|1.7750"
  },
  {
    "id": 47,
    "boss": "30499|1",
    "distance": 2820,
    "monster": "10624|2",
    "time": "1.1770|1.7700"
  },
  {
    "id": 48,
    "boss": "30599|1",
    "distance": 2880,
    "monster": "10325|2",
    "time": "1.1765|1.7650"
  },
  {
    "id": 49,
    "boss": "30699|1",
    "distance": 2940,
    "monster": "10825|2",
    "time": "1.1760|1.7600"
  },
  {
    "id": 50,
    "boss": "30799|1",
    "distance": 3000,
    "monster": "10126|2",
    "time": "1.1755|1.7550"
  },
  {
    "id": 51,
    "boss": "30899|1",
    "distance": 3060,
    "monster": "11326|2",
    "time": "1.1750|1.7500"
  },
  {
    "id": 52,
    "boss": "30999|1",
    "distance": 3120,
    "monster": "11027|2",
    "time": "1.1745|1.7450"
  },
  {
    "id": 53,
    "boss": "31099|1",
    "distance": 3180,
    "monster": "10027|2",
    "time": "1.1740|1.7400"
  },
  {
    "id": 54,
    "boss": "31199|1",
    "distance": 3240,
    "monster": "10428|2",
    "time": "1.1735|1.7350"
  },
  {
    "id": 55,
    "boss": "31299|1",
    "distance": 3300,
    "monster": "10328|2",
    "time": "1.1730|1.7300"
  },
  {
    "id": 56,
    "boss": "31499|1",
    "distance": 3360,
    "monster": "10729|2",
    "time": "1.1725|1.7250"
  },
  {
    "id": 57,
    "boss": "30099|1",
    "distance": 3420,
    "monster": "10829|2",
    "time": "1.1720|1.7200"
  },
  {
    "id": 58,
    "boss": "30199|1",
    "distance": 3480,
    "monster": "10430|2",
    "time": "1.1715|1.7150"
  },
  {
    "id": 59,
    "boss": "30299|1",
    "distance": 3540,
    "monster": "10930|2",
    "time": "1.1710|1.7100"
  },
  {
    "id": 60,
    "boss": "30399|1",
    "distance": 3600,
    "monster": "10131|2",
    "time": "1.1705|1.7050"
  },
  {
    "id": 61,
    "boss": "30499|1",
    "distance": 3660,
    "monster": "10531|2",
    "time": "1.1700|1.7000"
  },
  {
    "id": 62,
    "boss": "30599|1",
    "distance": 3720,
    "monster": "10332|2",
    "time": "1.1695|1.6950"
  },
  {
    "id": 63,
    "boss": "30699|1",
    "distance": 3780,
    "monster": "10032|2",
    "time": "1.1690|1.6900"
  },
  {
    "id": 64,
    "boss": "30799|1",
    "distance": 3840,
    "monster": "11333|2",
    "time": "1.1685|1.6850"
  },
  {
    "id": 65,
    "boss": "30899|1",
    "distance": 3900,
    "monster": "11233|2",
    "time": "1.1680|1.6800"
  },
  {
    "id": 66,
    "boss": "30999|1",
    "distance": 3960,
    "monster": "11034|2",
    "time": "1.1675|1.6750"
  },
  {
    "id": 67,
    "boss": "31099|1",
    "distance": 4020,
    "monster": "10734|2",
    "time": "1.1670|1.6700"
  },
  {
    "id": 68,
    "boss": "31199|1",
    "distance": 4080,
    "monster": "10235|2",
    "time": "1.1665|1.6650"
  },
  {
    "id": 69,
    "boss": "31299|1",
    "distance": 4140,
    "monster": "11235|2",
    "time": "1.1660|1.6600"
  },
  {
    "id": 70,
    "boss": "31499|1",
    "distance": 4200,
    "monster": "10736|2",
    "time": "1.1655|1.6550"
  },
  {
    "id": 71,
    "boss": "30099|1",
    "distance": 4260,
    "monster": "10736|2",
    "time": "1.1650|1.6500"
  },
  {
    "id": 72,
    "boss": "30199|1",
    "distance": 4320,
    "monster": "10537|2",
    "time": "1.1645|1.6450"
  },
  {
    "id": 73,
    "boss": "30299|1",
    "distance": 4380,
    "monster": "10237|2",
    "time": "1.1640|1.6400"
  },
  {
    "id": 74,
    "boss": "30399|1",
    "distance": 4440,
    "monster": "10838|2",
    "time": "1.1635|1.6350"
  },
  {
    "id": 75,
    "boss": "30499|1",
    "distance": 4500,
    "monster": "10738|2",
    "time": "1.1630|1.6300"
  },
  {
    "id": 76,
    "boss": "30599|1",
    "distance": 4560,
    "monster": "11139|2",
    "time": "1.1625|1.6250"
  },
  {
    "id": 77,
    "boss": "30699|1",
    "distance": 4620,
    "monster": "10239|2",
    "time": "1.1620|1.6200"
  },
  {
    "id": 78,
    "boss": "30799|1",
    "distance": 4680,
    "monster": "11440|2",
    "time": "1.1615|1.6150"
  },
  {
    "id": 79,
    "boss": "30899|1",
    "distance": 4740,
    "monster": "11140|2",
    "time": "1.1610|1.6100"
  },
  {
    "id": 80,
    "boss": "30999|1",
    "distance": 4800,
    "monster": "10141|2",
    "time": "1.1605|1.6050"
  },
  {
    "id": 81,
    "boss": "31099|1",
    "distance": 4860,
    "monster": "10041|2",
    "time": "1.1600|1.6000"
  },
  {
    "id": 82,
    "boss": "31199|1",
    "distance": 4920,
    "monster": "10842|2",
    "time": "1.1595|1.5950"
  },
  {
    "id": 83,
    "boss": "31299|1",
    "distance": 4980,
    "monster": "11142|2",
    "time": "1.1590|1.5900"
  },
  {
    "id": 84,
    "boss": "31499|1",
    "distance": 5040,
    "monster": "11343|2",
    "time": "1.1585|1.5850"
  },
  {
    "id": 85,
    "boss": "30099|1",
    "distance": 5100,
    "monster": "10943|2",
    "time": "1.1580|1.5800"
  },
  {
    "id": 86,
    "boss": "30199|1",
    "distance": 5160,
    "monster": "10644|2",
    "time": "1.1575|1.5750"
  },
  {
    "id": 87,
    "boss": "30299|1",
    "distance": 5220,
    "monster": "11444|2",
    "time": "1.1570|1.5700"
  },
  {
    "id": 88,
    "boss": "30399|1",
    "distance": 5280,
    "monster": "10645|2",
    "time": "1.1565|1.5650"
  },
  {
    "id": 89,
    "boss": "30499|1",
    "distance": 5340,
    "monster": "10545|2",
    "time": "1.1560|1.5600"
  },
  {
    "id": 90,
    "boss": "30599|1",
    "distance": 5400,
    "monster": "10146|2",
    "time": "1.1555|1.5550"
  },
  {
    "id": 91,
    "boss": "30699|1",
    "distance": 5460,
    "monster": "10146|2",
    "time": "1.1550|1.5500"
  },
  {
    "id": 92,
    "boss": "30799|1",
    "distance": 5520,
    "monster": "10647|2",
    "time": "1.1545|1.5450"
  },
  {
    "id": 93,
    "boss": "30899|1",
    "distance": 5580,
    "monster": "10747|2",
    "time": "1.1540|1.5400"
  },
  {
    "id": 94,
    "boss": "30999|1",
    "distance": 5640,
    "monster": "10548|2",
    "time": "1.1535|1.5350"
  },
  {
    "id": 95,
    "boss": "31099|1",
    "distance": 5700,
    "monster": "10748|2",
    "time": "1.1530|1.5300"
  },
  {
    "id": 96,
    "boss": "31199|1",
    "distance": 5760,
    "monster": "11449|2",
    "time": "1.1525|1.5250"
  },
  {
    "id": 97,
    "boss": "31299|1",
    "distance": 5820,
    "monster": "10949|2",
    "time": "1.1520|1.5200"
  },
  {
    "id": 98,
    "boss": "31499|1",
    "distance": 5880,
    "monster": "10050|2",
    "time": "1.1515|1.5150"
  },
  {
    "id": 99,
    "boss": "30099|1",
    "distance": 5940,
    "monster": "10750|2",
    "time": "1.1510|1.5100"
  },
  {
    "id": 100,
    "boss": "30199|1",
    "distance": 6000,
    "monster": "10451|2",
    "time": "1.1505|1.5050"
  },
  {
    "id": 101,
    "boss": "30299|1",
    "distance": 6060,
    "monster": "10751|2",
    "time": "1.1500|1.5000"
  },
  {
    "id": 102,
    "boss": "30399|1",
    "distance": 6120,
    "monster": "10452|2",
    "time": "1.1495|1.5000"
  },
  {
    "id": 103,
    "boss": "30499|1",
    "distance": 6180,
    "monster": "11052|2",
    "time": "1.1490|1.5000"
  },
  {
    "id": 104,
    "boss": "30599|1",
    "distance": 6240,
    "monster": "10653|2",
    "time": "1.1485|1.5000"
  },
  {
    "id": 105,
    "boss": "30699|1",
    "distance": 6300,
    "monster": "11153|2",
    "time": "1.1480|1.5000"
  },
  {
    "id": 106,
    "boss": "30799|1",
    "distance": 6360,
    "monster": "10054|2",
    "time": "1.1475|1.5000"
  },
  {
    "id": 107,
    "boss": "30899|1",
    "distance": 6420,
    "monster": "10754|2",
    "time": "1.1470|1.5000"
  },
  {
    "id": 108,
    "boss": "30999|1",
    "distance": 6480,
    "monster": "10455|2",
    "time": "1.1465|1.5000"
  },
  {
    "id": 109,
    "boss": "31099|1",
    "distance": 6540,
    "monster": "10755|2",
    "time": "1.1460|1.5000"
  },
  {
    "id": 110,
    "boss": "31199|1",
    "distance": 6600,
    "monster": "10556|2",
    "time": "1.1455|1.5000"
  },
  {
    "id": 111,
    "boss": "31299|1",
    "distance": 6660,
    "monster": "10356|2",
    "time": "1.1450|1.5000"
  },
  {
    "id": 112,
    "boss": "31499|1",
    "distance": 6720,
    "monster": "11357|2",
    "time": "1.1445|1.5000"
  },
  {
    "id": 113,
    "boss": "30099|1",
    "distance": 6780,
    "monster": "10557|2",
    "time": "1.1440|1.5000"
  },
  {
    "id": 114,
    "boss": "30199|1",
    "distance": 6840,
    "monster": "11358|2",
    "time": "1.1435|1.5000"
  },
  {
    "id": 115,
    "boss": "30299|1",
    "distance": 6900,
    "monster": "11358|2",
    "time": "1.1430|1.5000"
  },
  {
    "id": 116,
    "boss": "30399|1",
    "distance": 6960,
    "monster": "10259|2",
    "time": "1.1425|1.5000"
  },
  {
    "id": 117,
    "boss": "30499|1",
    "distance": 7020,
    "monster": "11159|2",
    "time": "1.1420|1.5000"
  },
  {
    "id": 118,
    "boss": "30599|1",
    "distance": 7080,
    "monster": "11060|2",
    "time": "1.1415|1.5000"
  },
  {
    "id": 119,
    "boss": "30699|1",
    "distance": 7140,
    "monster": "11160|2",
    "time": "1.1410|1.5000"
  },
  {
    "id": 120,
    "boss": "30799|1",
    "distance": 7200,
    "monster": "10661|2",
    "time": "1.1405|1.5000"
  },
  {
    "id": 121,
    "boss": "30899|1",
    "distance": 7260,
    "monster": "10461|2",
    "time": "1.1400|1.5000"
  },
  {
    "id": 122,
    "boss": "30999|1",
    "distance": 7320,
    "monster": "10862|2",
    "time": "1.1395|1.5000"
  },
  {
    "id": 123,
    "boss": "31099|1",
    "distance": 7380,
    "monster": "11462|2",
    "time": "1.1390|1.5000"
  },
  {
    "id": 124,
    "boss": "31199|1",
    "distance": 7440,
    "monster": "10963|2",
    "time": "1.1385|1.5000"
  },
  {
    "id": 125,
    "boss": "31299|1",
    "distance": 7500,
    "monster": "10863|2",
    "time": "1.1380|1.5000"
  },
  {
    "id": 126,
    "boss": "31499|1",
    "distance": 7560,
    "monster": "10164|2",
    "time": "1.1375|1.5000"
  },
  {
    "id": 127,
    "boss": "30099|1",
    "distance": 7620,
    "monster": "10364|2",
    "time": "1.1370|1.5000"
  },
  {
    "id": 128,
    "boss": "30199|1",
    "distance": 7680,
    "monster": "10765|2",
    "time": "1.1365|1.5000"
  },
  {
    "id": 129,
    "boss": "30299|1",
    "distance": 7740,
    "monster": "10365|2",
    "time": "1.1360|1.5000"
  },
  {
    "id": 130,
    "boss": "30399|1",
    "distance": 7800,
    "monster": "10166|2",
    "time": "1.1355|1.5000"
  },
  {
    "id": 131,
    "boss": "30499|1",
    "distance": 7860,
    "monster": "10366|2",
    "time": "1.1350|1.5000"
  },
  {
    "id": 132,
    "boss": "30599|1",
    "distance": 7920,
    "monster": "10667|2",
    "time": "1.1345|1.5000"
  },
  {
    "id": 133,
    "boss": "30699|1",
    "distance": 7980,
    "monster": "11267|2",
    "time": "1.1340|1.5000"
  },
  {
    "id": 134,
    "boss": "30799|1",
    "distance": 8040,
    "monster": "10468|2",
    "time": "1.1335|1.5000"
  },
  {
    "id": 135,
    "boss": "30899|1",
    "distance": 8100,
    "monster": "10968|2",
    "time": "1.1330|1.5000"
  },
  {
    "id": 136,
    "boss": "30999|1",
    "distance": 8160,
    "monster": "11069|2",
    "time": "1.1325|1.5000"
  },
  {
    "id": 137,
    "boss": "31099|1",
    "distance": 8220,
    "monster": "11469|2",
    "time": "1.1320|1.5000"
  },
  {
    "id": 138,
    "boss": "31199|1",
    "distance": 8280,
    "monster": "10670|2",
    "time": "1.1315|1.5000"
  },
  {
    "id": 139,
    "boss": "31299|1",
    "distance": 8340,
    "monster": "11370|2",
    "time": "1.1310|1.5000"
  },
  {
    "id": 140,
    "boss": "31499|1",
    "distance": 8400,
    "monster": "10171|2",
    "time": "1.1305|1.5000"
  },
  {
    "id": 141,
    "boss": "30099|1",
    "distance": 8460,
    "monster": "10571|2",
    "time": "1.1300|1.5000"
  },
  {
    "id": 142,
    "boss": "30199|1",
    "distance": 8520,
    "monster": "11372|2",
    "time": "1.1295|1.5000"
  },
  {
    "id": 143,
    "boss": "30299|1",
    "distance": 8580,
    "monster": "10272|2",
    "time": "1.1290|1.5000"
  },
  {
    "id": 144,
    "boss": "30399|1",
    "distance": 8640,
    "monster": "11273|2",
    "time": "1.1285|1.5000"
  },
  {
    "id": 145,
    "boss": "30499|1",
    "distance": 8700,
    "monster": "10473|2",
    "time": "1.1280|1.5000"
  },
  {
    "id": 146,
    "boss": "30599|1",
    "distance": 8760,
    "monster": "11274|2",
    "time": "1.1275|1.5000"
  },
  {
    "id": 147,
    "boss": "30699|1",
    "distance": 8820,
    "monster": "10374|2",
    "time": "1.1270|1.5000"
  },
  {
    "id": 148,
    "boss": "30799|1",
    "distance": 8880,
    "monster": "10575|2",
    "time": "1.1265|1.5000"
  },
  {
    "id": 149,
    "boss": "30899|1",
    "distance": 8940,
    "monster": "10875|2",
    "time": "1.1260|1.5000"
  },
  {
    "id": 150,
    "boss": "30999|1",
    "distance": 9000,
    "monster": "10376|2",
    "time": "1.1255|1.5000"
  },
  {
    "id": 151,
    "boss": "31099|1",
    "distance": 9060,
    "monster": "11476|2",
    "time": "1.1250|1.5000"
  },
  {
    "id": 152,
    "boss": "31199|1",
    "distance": 9120,
    "monster": "11277|2",
    "time": "1.1245|1.5000"
  },
  {
    "id": 153,
    "boss": "31299|1",
    "distance": 9180,
    "monster": "10277|2",
    "time": "1.1240|1.5000"
  },
  {
    "id": 154,
    "boss": "31499|1",
    "distance": 9240,
    "monster": "10578|2",
    "time": "1.1235|1.5000"
  },
  {
    "id": 155,
    "boss": "30099|1",
    "distance": 9300,
    "monster": "10178|2",
    "time": "1.1230|1.5000"
  },
  {
    "id": 156,
    "boss": "30199|1",
    "distance": 9360,
    "monster": "10879|2",
    "time": "1.1225|1.5000"
  },
  {
    "id": 157,
    "boss": "30299|1",
    "distance": 9420,
    "monster": "11279|2",
    "time": "1.1220|1.5000"
  },
  {
    "id": 158,
    "boss": "30399|1",
    "distance": 9480,
    "monster": "10680|2",
    "time": "1.1215|1.5000"
  },
  {
    "id": 159,
    "boss": "30499|1",
    "distance": 9540,
    "monster": "11080|2",
    "time": "1.1210|1.5000"
  },
  {
    "id": 160,
    "boss": "30599|1",
    "distance": 9600,
    "monster": "11481|2",
    "time": "1.1205|1.5000"
  },
  {
    "id": 161,
    "boss": "30699|1",
    "distance": 9660,
    "monster": "10381|2",
    "time": "1.1200|1.5000"
  },
  {
    "id": 162,
    "boss": "30799|1",
    "distance": 9720,
    "monster": "10682|2",
    "time": "1.1195|1.5000"
  },
  {
    "id": 163,
    "boss": "30899|1",
    "distance": 9780,
    "monster": "11082|2",
    "time": "1.1190|1.5000"
  },
  {
    "id": 164,
    "boss": "30999|1",
    "distance": 9840,
    "monster": "10583|2",
    "time": "1.1185|1.5000"
  },
  {
    "id": 165,
    "boss": "31099|1",
    "distance": 9900,
    "monster": "11483|2",
    "time": "1.1180|1.5000"
  },
  {
    "id": 166,
    "boss": "31199|1",
    "distance": 9960,
    "monster": "10984|2",
    "time": "1.1175|1.5000"
  },
  {
    "id": 167,
    "boss": "31299|1",
    "distance": 10020,
    "monster": "11184|2",
    "time": "1.1170|1.5000"
  },
  {
    "id": 168,
    "boss": "31499|1",
    "distance": 10080,
    "monster": "10885|2",
    "time": "1.1165|1.5000"
  },
  {
    "id": 169,
    "boss": "30099|1",
    "distance": 10140,
    "monster": "10685|2",
    "time": "1.1160|1.5000"
  },
  {
    "id": 170,
    "boss": "30199|1",
    "distance": 10200,
    "monster": "10686|2",
    "time": "1.1155|1.5000"
  },
  {
    "id": 171,
    "boss": "30299|1",
    "distance": 10260,
    "monster": "10886|2",
    "time": "1.1150|1.5000"
  },
  {
    "id": 172,
    "boss": "30399|1",
    "distance": 10320,
    "monster": "10187|2",
    "time": "1.1145|1.5000"
  },
  {
    "id": 173,
    "boss": "30499|1",
    "distance": 10380,
    "monster": "10087|2",
    "time": "1.1140|1.5000"
  },
  {
    "id": 174,
    "boss": "30599|1",
    "distance": 10440,
    "monster": "10888|2",
    "time": "1.1135|1.5000"
  },
  {
    "id": 175,
    "boss": "30699|1",
    "distance": 10500,
    "monster": "10088|2",
    "time": "1.1130|1.5000"
  },
  {
    "id": 176,
    "boss": "30799|1",
    "distance": 10560,
    "monster": "10489|2",
    "time": "1.1125|1.5000"
  },
  {
    "id": 177,
    "boss": "30899|1",
    "distance": 10620,
    "monster": "10889|2",
    "time": "1.1120|1.5000"
  },
  {
    "id": 178,
    "boss": "30999|1",
    "distance": 10680,
    "monster": "11190|2",
    "time": "1.1115|1.5000"
  },
  {
    "id": 179,
    "boss": "31099|1",
    "distance": 10740,
    "monster": "11090|2",
    "time": "1.1110|1.5000"
  },
  {
    "id": 180,
    "boss": "31199|1",
    "distance": 10800,
    "monster": "10391|2",
    "time": "1.1105|1.5000"
  },
  {
    "id": 181,
    "boss": "31299|1",
    "distance": 10860,
    "monster": "10591|2",
    "time": "1.1100|1.5000"
  },
  {
    "id": 182,
    "boss": "31499|1",
    "distance": 10920,
    "monster": "10092|2",
    "time": "1.1095|1.5000"
  },
  {
    "id": 183,
    "boss": "30099|1",
    "distance": 10980,
    "monster": "10392|2",
    "time": "1.1090|1.5000"
  },
  {
    "id": 184,
    "boss": "30199|1",
    "distance": 11040,
    "monster": "11493|2",
    "time": "1.1085|1.5000"
  },
  {
    "id": 185,
    "boss": "30299|1",
    "distance": 11100,
    "monster": "10993|2",
    "time": "1.1080|1.5000"
  },
  {
    "id": 186,
    "boss": "30399|1",
    "distance": 11160,
    "monster": "11494|2",
    "time": "1.1075|1.5000"
  },
  {
    "id": 187,
    "boss": "30499|1",
    "distance": 11220,
    "monster": "10894|2",
    "time": "1.1070|1.5000"
  },
  {
    "id": 188,
    "boss": "30599|1",
    "distance": 11280,
    "monster": "10095|2",
    "time": "1.1065|1.5000"
  },
  {
    "id": 189,
    "boss": "30699|1",
    "distance": 11340,
    "monster": "10695|2",
    "time": "1.1060|1.5000"
  },
  {
    "id": 190,
    "boss": "30799|1",
    "distance": 11400,
    "monster": "10696|2",
    "time": "1.1055|1.5000"
  },
  {
    "id": 191,
    "boss": "30899|1",
    "distance": 11460,
    "monster": "10696|2",
    "time": "1.1050|1.5000"
  },
  {
    "id": 192,
    "boss": "30999|1",
    "distance": 11520,
    "monster": "10897|2",
    "time": "1.1045|1.5000"
  },
  {
    "id": 193,
    "boss": "31099|1",
    "distance": 11580,
    "monster": "10697|2",
    "time": "1.1040|1.5000"
  },
  {
    "id": 194,
    "boss": "31199|1",
    "distance": 11640,
    "monster": "11098|2",
    "time": "1.1035|1.5000"
  },
  {
    "id": 195,
    "boss": "31299|1",
    "distance": 11700,
    "monster": "11198|2",
    "time": "1.1030|1.5000"
  },
  {
    "id": 196,
    "boss": "31499|1",
    "distance": 11760,
    "monster": "11499|2",
    "time": "1.1025|1.5000"
  },
  {
    "id": 197,
    "boss": "30099|1",
    "distance": 11820,
    "monster": "10299|2",
    "time": "1.1020|1.5000"
  },
  {
    "id": 198,
    "boss": "30199|1",
    "distance": 11880,
    "monster": "10399|2",
    "time": "1.1015|1.5000"
  },
  {
    "id": 199,
    "boss": "30299|1",
    "distance": 11940,
    "monster": "10999|2",
    "time": "1.1010|1.5000"
  },
  {
    "id": 200,
    "boss": "30399|1",
    "distance": 12000,
    "monster": "10499|2",
    "time": "1.1005|1.5000"
  },
  {
    "id": 201,
    "boss": "30499|1",
    "distance": 12060,
    "monster": "11399|2",
    "time": "1.1000|1.5000"
  },
  {
    "id": 202,
    "boss": "30599|1",
    "distance": 12120,
    "monster": "10899|2",
    "time": "1.0995|1.5000"
  },
  {
    "id": 203,
    "boss": "30699|1",
    "distance": 12180,
    "monster": "10899|2",
    "time": "1.0990|1.5000"
  },
  {
    "id": 204,
    "boss": "30799|1",
    "distance": 12240,
    "monster": "10099|2",
    "time": "1.0985|1.5000"
  },
  {
    "id": 205,
    "boss": "30899|1",
    "distance": 12300,
    "monster": "10999|2",
    "time": "1.0980|1.5000"
  },
  {
    "id": 206,
    "boss": "30999|1",
    "distance": 12360,
    "monster": "10799|2",
    "time": "1.0975|1.5000"
  },
  {
    "id": 207,
    "boss": "31099|1",
    "distance": 12420,
    "monster": "10599|2",
    "time": "1.0970|1.5000"
  },
  {
    "id": 208,
    "boss": "31199|1",
    "distance": 12480,
    "monster": "11099|2",
    "time": "1.0965|1.5000"
  },
  {
    "id": 209,
    "boss": "31299|1",
    "distance": 12540,
    "monster": "11399|2",
    "time": "1.0960|1.5000"
  },
  {
    "id": 210,
    "boss": "31499|1",
    "distance": 12600,
    "monster": "10699|2",
    "time": "1.0955|1.5000"
  },
  {
    "id": 211,
    "boss": "30099|1",
    "distance": 12660,
    "monster": "10699|2",
    "time": "1.0950|1.5000"
  },
  {
    "id": 212,
    "boss": "30199|1",
    "distance": 12720,
    "monster": "11099|2",
    "time": "1.0945|1.5000"
  },
  {
    "id": 213,
    "boss": "30299|1",
    "distance": 12780,
    "monster": "10499|2",
    "time": "1.0940|1.5000"
  },
  {
    "id": 214,
    "boss": "30399|1",
    "distance": 12840,
    "monster": "10499|2",
    "time": "1.0935|1.5000"
  },
  {
    "id": 215,
    "boss": "30499|1",
    "distance": 12900,
    "monster": "11299|2",
    "time": "1.0930|1.5000"
  },
  {
    "id": 216,
    "boss": "30599|1",
    "distance": 12960,
    "monster": "10299|2",
    "time": "1.0925|1.5000"
  },
  {
    "id": 217,
    "boss": "30699|1",
    "distance": 13020,
    "monster": "10799|2",
    "time": "1.0920|1.5000"
  },
  {
    "id": 218,
    "boss": "30799|1",
    "distance": 13080,
    "monster": "10099|2",
    "time": "1.0915|1.5000"
  },
  {
    "id": 219,
    "boss": "30899|1",
    "distance": 13140,
    "monster": "10499|2",
    "time": "1.0910|1.5000"
  },
  {
    "id": 220,
    "boss": "30999|1",
    "distance": 13200,
    "monster": "11499|2",
    "time": "1.0905|1.5000"
  },
  {
    "id": 221,
    "boss": "31099|1",
    "distance": 13260,
    "monster": "10999|2",
    "time": "1.0900|1.5000"
  },
  {
    "id": 222,
    "boss": "31199|1",
    "distance": 13320,
    "monster": "10499|2",
    "time": "1.0895|1.5000"
  },
  {
    "id": 223,
    "boss": "31299|1",
    "distance": 13380,
    "monster": "11199|2",
    "time": "1.0890|1.5000"
  },
  {
    "id": 224,
    "boss": "31499|1",
    "distance": 13440,
    "monster": "11199|2",
    "time": "1.0885|1.5000"
  },
  {
    "id": 225,
    "boss": "30099|1",
    "distance": 13500,
    "monster": "10799|2",
    "time": "1.0880|1.5000"
  },
  {
    "id": 226,
    "boss": "30199|1",
    "distance": 13560,
    "monster": "10699|2",
    "time": "1.0875|1.5000"
  },
  {
    "id": 227,
    "boss": "30299|1",
    "distance": 13620,
    "monster": "10799|2",
    "time": "1.0870|1.5000"
  },
  {
    "id": 228,
    "boss": "30399|1",
    "distance": 13680,
    "monster": "10099|2",
    "time": "1.0865|1.5000"
  },
  {
    "id": 229,
    "boss": "30499|1",
    "distance": 13740,
    "monster": "10999|2",
    "time": "1.0860|1.5000"
  },
  {
    "id": 230,
    "boss": "30599|1",
    "distance": 13800,
    "monster": "10599|2",
    "time": "1.0855|1.5000"
  },
  {
    "id": 231,
    "boss": "30699|1",
    "distance": 13860,
    "monster": "11099|2",
    "time": "1.0850|1.5000"
  },
  {
    "id": 232,
    "boss": "30799|1",
    "distance": 13920,
    "monster": "10599|2",
    "time": "1.0845|1.5000"
  },
  {
    "id": 233,
    "boss": "30899|1",
    "distance": 13980,
    "monster": "10099|2",
    "time": "1.0840|1.5000"
  },
  {
    "id": 234,
    "boss": "30999|1",
    "distance": 14040,
    "monster": "10699|2",
    "time": "1.0835|1.5000"
  },
  {
    "id": 235,
    "boss": "31099|1",
    "distance": 14100,
    "monster": "11299|2",
    "time": "1.0830|1.5000"
  },
  {
    "id": 236,
    "boss": "31199|1",
    "distance": 14160,
    "monster": "11399|2",
    "time": "1.0825|1.5000"
  },
  {
    "id": 237,
    "boss": "31299|1",
    "distance": 14220,
    "monster": "10699|2",
    "time": "1.0820|1.5000"
  },
  {
    "id": 238,
    "boss": "31499|1",
    "distance": 14280,
    "monster": "11299|2",
    "time": "1.0815|1.5000"
  },
  {
    "id": 239,
    "boss": "30099|1",
    "distance": 14340,
    "monster": "10999|2",
    "time": "1.0810|1.5000"
  },
  {
    "id": 240,
    "boss": "30199|1",
    "distance": 14400,
    "monster": "10399|2",
    "time": "1.0805|1.5000"
  },
  {
    "id": 241,
    "boss": "30299|1",
    "distance": 14460,
    "monster": "11499|2",
    "time": "1.0800|1.5000"
  },
  {
    "id": 242,
    "boss": "30399|1",
    "distance": 14520,
    "monster": "10599|2",
    "time": "1.0795|1.5000"
  },
  {
    "id": 243,
    "boss": "30499|1",
    "distance": 14580,
    "monster": "10399|2",
    "time": "1.0790|1.5000"
  },
  {
    "id": 244,
    "boss": "30599|1",
    "distance": 14640,
    "monster": "10999|2",
    "time": "1.0785|1.5000"
  },
  {
    "id": 245,
    "boss": "30699|1",
    "distance": 14700,
    "monster": "10899|2",
    "time": "1.0780|1.5000"
  },
  {
    "id": 246,
    "boss": "30799|1",
    "distance": 14760,
    "monster": "10099|2",
    "time": "1.0775|1.5000"
  },
  {
    "id": 247,
    "boss": "30899|1",
    "distance": 14820,
    "monster": "10599|2",
    "time": "1.0770|1.5000"
  },
  {
    "id": 248,
    "boss": "30999|1",
    "distance": 14880,
    "monster": "11299|2",
    "time": "1.0765|1.5000"
  },
  {
    "id": 249,
    "boss": "31099|1",
    "distance": 14940,
    "monster": "10599|2",
    "time": "1.0760|1.5000"
  },
  {
    "id": 250,
    "boss": "31199|1",
    "distance": 15000,
    "monster": "10299|2",
    "time": "1.0755|1.5000"
  },
  {
    "id": 251,
    "boss": "31299|1",
    "distance": 15060,
    "monster": "10499|2",
    "time": "1.0750|1.5000"
  },
  {
    "id": 252,
    "boss": "31499|1",
    "distance": 15120,
    "monster": "10199|2",
    "time": "1.0745|1.5000"
  },
  {
    "id": 253,
    "boss": "30099|1",
    "distance": 15180,
    "monster": "10999|2",
    "time": "1.0740|1.5000"
  },
  {
    "id": 254,
    "boss": "30199|1",
    "distance": 15240,
    "monster": "10199|2",
    "time": "1.0735|1.5000"
  },
  {
    "id": 255,
    "boss": "30299|1",
    "distance": 15300,
    "monster": "10499|2",
    "time": "1.0730|1.5000"
  },
  {
    "id": 256,
    "boss": "30399|1",
    "distance": 15360,
    "monster": "11299|2",
    "time": "1.0725|1.5000"
  },
  {
    "id": 257,
    "boss": "30499|1",
    "distance": 15420,
    "monster": "10399|2",
    "time": "1.0720|1.5000"
  },
  {
    "id": 258,
    "boss": "30599|1",
    "distance": 15480,
    "monster": "10399|2",
    "time": "1.0715|1.5000"
  },
  {
    "id": 259,
    "boss": "30699|1",
    "distance": 15540,
    "monster": "11399|2",
    "time": "1.0710|1.5000"
  },
  {
    "id": 260,
    "boss": "30799|1",
    "distance": 15600,
    "monster": "10699|2",
    "time": "1.0705|1.5000"
  },
  {
    "id": 261,
    "boss": "30899|1",
    "distance": 15660,
    "monster": "10999|2",
    "time": "1.0700|1.5000"
  },
  {
    "id": 262,
    "boss": "30999|1",
    "distance": 15720,
    "monster": "10099|2",
    "time": "1.0695|1.5000"
  },
  {
    "id": 263,
    "boss": "31099|1",
    "distance": 15780,
    "monster": "10599|2",
    "time": "1.0690|1.5000"
  },
  {
    "id": 264,
    "boss": "31199|1",
    "distance": 15840,
    "monster": "11499|2",
    "time": "1.0685|1.5000"
  },
  {
    "id": 265,
    "boss": "31299|1",
    "distance": 15900,
    "monster": "10999|2",
    "time": "1.0680|1.5000"
  },
  {
    "id": 266,
    "boss": "31499|1",
    "distance": 15960,
    "monster": "11099|2",
    "time": "1.0675|1.5000"
  },
  {
    "id": 267,
    "boss": "30099|1",
    "distance": 16020,
    "monster": "10499|2",
    "time": "1.0670|1.5000"
  },
  {
    "id": 268,
    "boss": "30199|1",
    "distance": 16080,
    "monster": "10599|2",
    "time": "1.0665|1.5000"
  },
  {
    "id": 269,
    "boss": "30299|1",
    "distance": 16140,
    "monster": "11099|2",
    "time": "1.0660|1.5000"
  },
  {
    "id": 270,
    "boss": "30399|1",
    "distance": 16200,
    "monster": "10899|2",
    "time": "1.0655|1.5000"
  },
  {
    "id": 271,
    "boss": "30499|1",
    "distance": 16260,
    "monster": "10399|2",
    "time": "1.0650|1.5000"
  },
  {
    "id": 272,
    "boss": "30599|1",
    "distance": 16320,
    "monster": "10699|2",
    "time": "1.0645|1.5000"
  },
  {
    "id": 273,
    "boss": "30699|1",
    "distance": 16380,
    "monster": "10799|2",
    "time": "1.0640|1.5000"
  },
  {
    "id": 274,
    "boss": "30799|1",
    "distance": 16440,
    "monster": "10299|2",
    "time": "1.0635|1.5000"
  },
  {
    "id": 275,
    "boss": "30899|1",
    "distance": 16500,
    "monster": "10199|2",
    "time": "1.0630|1.5000"
  },
  {
    "id": 276,
    "boss": "30999|1",
    "distance": 16560,
    "monster": "11199|2",
    "time": "1.0625|1.5000"
  },
  {
    "id": 277,
    "boss": "31099|1",
    "distance": 16620,
    "monster": "10799|2",
    "time": "1.0620|1.5000"
  },
  {
    "id": 278,
    "boss": "31199|1",
    "distance": 16680,
    "monster": "10699|2",
    "time": "1.0615|1.5000"
  },
  {
    "id": 279,
    "boss": "31299|1",
    "distance": 16740,
    "monster": "10499|2",
    "time": "1.0610|1.5000"
  },
  {
    "id": 280,
    "boss": "31499|1",
    "distance": 16800,
    "monster": "10499|2",
    "time": "1.0605|1.5000"
  },
  {
    "id": 281,
    "boss": "30099|1",
    "distance": 16860,
    "monster": "10099|2",
    "time": "1.0600|1.5000"
  },
  {
    "id": 282,
    "boss": "30199|1",
    "distance": 16920,
    "monster": "11499|2",
    "time": "1.0595|1.5000"
  },
  {
    "id": 283,
    "boss": "30299|1",
    "distance": 16980,
    "monster": "10799|2",
    "time": "1.0590|1.5000"
  },
  {
    "id": 284,
    "boss": "30399|1",
    "distance": 17040,
    "monster": "10599|2",
    "time": "1.0585|1.5000"
  },
  {
    "id": 285,
    "boss": "30499|1",
    "distance": 17100,
    "monster": "10999|2",
    "time": "1.0580|1.5000"
  },
  {
    "id": 286,
    "boss": "30599|1",
    "distance": 17160,
    "monster": "11399|2",
    "time": "1.0575|1.5000"
  },
  {
    "id": 287,
    "boss": "30699|1",
    "distance": 17220,
    "monster": "10599|2",
    "time": "1.0570|1.5000"
  },
  {
    "id": 288,
    "boss": "30799|1",
    "distance": 17280,
    "monster": "10299|2",
    "time": "1.0565|1.5000"
  },
  {
    "id": 289,
    "boss": "30899|1",
    "distance": 17340,
    "monster": "10399|2",
    "time": "1.0560|1.5000"
  },
  {
    "id": 290,
    "boss": "30999|1",
    "distance": 17400,
    "monster": "11099|2",
    "time": "1.0555|1.5000"
  },
  {
    "id": 291,
    "boss": "31099|1",
    "distance": 17460,
    "monster": "11299|2",
    "time": "1.0550|1.5000"
  },
  {
    "id": 292,
    "boss": "31199|1",
    "distance": 17520,
    "monster": "10199|2",
    "time": "1.0545|1.5000"
  },
  {
    "id": 293,
    "boss": "31299|1",
    "distance": 17580,
    "monster": "10499|2",
    "time": "1.0540|1.5000"
  },
  {
    "id": 294,
    "boss": "31499|1",
    "distance": 17640,
    "monster": "10599|2",
    "time": "1.0535|1.5000"
  },
  {
    "id": 295,
    "boss": "30099|1",
    "distance": 17700,
    "monster": "10299|2",
    "time": "1.0530|1.5000"
  },
  {
    "id": 296,
    "boss": "30199|1",
    "distance": 17760,
    "monster": "10899|2",
    "time": "1.0525|1.5000"
  },
  {
    "id": 297,
    "boss": "30299|1",
    "distance": 17820,
    "monster": "10499|2",
    "time": "1.0520|1.5000"
  },
  {
    "id": 298,
    "boss": "30399|1",
    "distance": 17880,
    "monster": "11399|2",
    "time": "1.0515|1.5000"
  },
  {
    "id": 299,
    "boss": "30499|1",
    "distance": 17940,
    "monster": "11499|2",
    "time": "1.0510|1.5000"
  },
  {
    "id": 300,
    "boss": "30599|1",
    "distance": 18000,
    "monster": "10599|2",
    "time": "1.0505|1.5000"
  },
  {
    "id": 301,
    "boss": "30699|1",
    "distance": 18060,
    "monster": "10899|2",
    "time": "1.0500|1.5000"
  },
  {
    "id": 302,
    "boss": "30799|1",
    "distance": 18120,
    "monster": "11399|2",
    "time": "1.0495|1.5000"
  },
  {
    "id": 303,
    "boss": "30899|1",
    "distance": 18180,
    "monster": "11099|2",
    "time": "1.0490|1.5000"
  },
  {
    "id": 304,
    "boss": "30999|1",
    "distance": 18240,
    "monster": "10799|2",
    "time": "1.0485|1.5000"
  },
  {
    "id": 305,
    "boss": "31099|1",
    "distance": 18300,
    "monster": "10399|2",
    "time": "1.0480|1.5000"
  },
  {
    "id": 306,
    "boss": "31199|1",
    "distance": 18360,
    "monster": "10699|2",
    "time": "1.0475|1.5000"
  },
  {
    "id": 307,
    "boss": "31299|1",
    "distance": 18420,
    "monster": "10099|2",
    "time": "1.0470|1.5000"
  },
  {
    "id": 308,
    "boss": "31499|1",
    "distance": 18480,
    "monster": "10099|2",
    "time": "1.0465|1.5000"
  },
  {
    "id": 309,
    "boss": "30099|1",
    "distance": 18540,
    "monster": "10399|2",
    "time": "1.0460|1.5000"
  },
  {
    "id": 310,
    "boss": "30199|1",
    "distance": 18600,
    "monster": "10799|2",
    "time": "1.0455|1.5000"
  },
  {
    "id": 311,
    "boss": "30299|1",
    "distance": 18660,
    "monster": "10199|2",
    "time": "1.0450|1.5000"
  },
  {
    "id": 312,
    "boss": "30399|1",
    "distance": 18720,
    "monster": "11299|2",
    "time": "1.0445|1.5000"
  },
  {
    "id": 313,
    "boss": "30499|1",
    "distance": 18780,
    "monster": "10399|2",
    "time": "1.0440|1.5000"
  },
  {
    "id": 314,
    "boss": "30599|1",
    "distance": 18840,
    "monster": "11499|2",
    "time": "1.0435|1.5000"
  },
  {
    "id": 315,
    "boss": "30699|1",
    "distance": 18900,
    "monster": "11399|2",
    "time": "1.0430|1.5000"
  },
  {
    "id": 316,
    "boss": "30799|1",
    "distance": 18960,
    "monster": "10999|2",
    "time": "1.0425|1.5000"
  },
  {
    "id": 317,
    "boss": "30899|1",
    "distance": 19020,
    "monster": "11399|2",
    "time": "1.0420|1.5000"
  },
  {
    "id": 318,
    "boss": "30999|1",
    "distance": 19080,
    "monster": "11199|2",
    "time": "1.0415|1.5000"
  },
  {
    "id": 319,
    "boss": "31099|1",
    "distance": 19140,
    "monster": "10899|2",
    "time": "1.0410|1.5000"
  },
  {
    "id": 320,
    "boss": "31199|1",
    "distance": 19200,
    "monster": "10099|2",
    "time": "1.0405|1.5000"
  },
  {
    "id": 321,
    "boss": "31299|1",
    "distance": 19260,
    "monster": "10599|2",
    "time": "1.0400|1.5000"
  },
  {
    "id": 322,
    "boss": "31499|1",
    "distance": 19320,
    "monster": "10699|2",
    "time": "1.0395|1.5000"
  },
  {
    "id": 323,
    "boss": "30099|1",
    "distance": 19380,
    "monster": "10499|2",
    "time": "1.0390|1.5000"
  },
  {
    "id": 324,
    "boss": "30199|1",
    "distance": 19440,
    "monster": "11099|2",
    "time": "1.0385|1.5000"
  },
  {
    "id": 325,
    "boss": "30299|1",
    "distance": 19500,
    "monster": "11399|2",
    "time": "1.0380|1.5000"
  },
  {
    "id": 326,
    "boss": "30399|1",
    "distance": 19560,
    "monster": "10699|2",
    "time": "1.0375|1.5000"
  },
  {
    "id": 327,
    "boss": "30499|1",
    "distance": 19620,
    "monster": "10799|2",
    "time": "1.0370|1.5000"
  },
  {
    "id": 328,
    "boss": "30599|1",
    "distance": 19680,
    "monster": "10699|2",
    "time": "1.0365|1.5000"
  },
  {
    "id": 329,
    "boss": "30699|1",
    "distance": 19740,
    "monster": "11399|2",
    "time": "1.0360|1.5000"
  },
  {
    "id": 330,
    "boss": "30799|1",
    "distance": 19800,
    "monster": "10999|2",
    "time": "1.0355|1.5000"
  },
  {
    "id": 331,
    "boss": "30899|1",
    "distance": 19860,
    "monster": "11199|2",
    "time": "1.0350|1.5000"
  },
  {
    "id": 332,
    "boss": "30999|1",
    "distance": 19920,
    "monster": "11199|2",
    "time": "1.0345|1.5000"
  },
  {
    "id": 333,
    "boss": "31099|1",
    "distance": 19980,
    "monster": "10499|2",
    "time": "1.0340|1.5000"
  },
  {
    "id": 334,
    "boss": "31199|1",
    "distance": 20040,
    "monster": "11299|2",
    "time": "1.0335|1.5000"
  },
  {
    "id": 335,
    "boss": "31299|1",
    "distance": 20100,
    "monster": "10799|2",
    "time": "1.0330|1.5000"
  },
  {
    "id": 336,
    "boss": "31499|1",
    "distance": 20160,
    "monster": "11199|2",
    "time": "1.0325|1.5000"
  },
  {
    "id": 337,
    "boss": "30099|1",
    "distance": 20220,
    "monster": "11399|2",
    "time": "1.0320|1.5000"
  },
  {
    "id": 338,
    "boss": "30199|1",
    "distance": 20280,
    "monster": "11299|2",
    "time": "1.0315|1.5000"
  },
  {
    "id": 339,
    "boss": "30299|1",
    "distance": 20340,
    "monster": "10099|2",
    "time": "1.0310|1.5000"
  },
  {
    "id": 340,
    "boss": "30399|1",
    "distance": 20400,
    "monster": "10499|2",
    "time": "1.0305|1.5000"
  },
  {
    "id": 341,
    "boss": "30499|1",
    "distance": 20460,
    "monster": "11499|2",
    "time": "1.0300|1.5000"
  },
  {
    "id": 342,
    "boss": "30599|1",
    "distance": 20520,
    "monster": "10599|2",
    "time": "1.0295|1.5000"
  },
  {
    "id": 343,
    "boss": "30699|1",
    "distance": 20580,
    "monster": "10199|2",
    "time": "1.0290|1.5000"
  },
  {
    "id": 344,
    "boss": "30799|1",
    "distance": 20640,
    "monster": "11299|2",
    "time": "1.0285|1.5000"
  },
  {
    "id": 345,
    "boss": "30899|1",
    "distance": 20700,
    "monster": "10999|2",
    "time": "1.0280|1.5000"
  },
  {
    "id": 346,
    "boss": "30999|1",
    "distance": 20760,
    "monster": "11299|2",
    "time": "1.0275|1.5000"
  },
  {
    "id": 347,
    "boss": "31099|1",
    "distance": 20820,
    "monster": "10599|2",
    "time": "1.0270|1.5000"
  },
  {
    "id": 348,
    "boss": "31199|1",
    "distance": 20880,
    "monster": "10999|2",
    "time": "1.0265|1.5000"
  },
  {
    "id": 349,
    "boss": "31299|1",
    "distance": 20940,
    "monster": "10999|2",
    "time": "1.0260|1.5000"
  },
  {
    "id": 350,
    "boss": "31499|1",
    "distance": 21000,
    "monster": "11299|2",
    "time": "1.0255|1.5000"
  },
  {
    "id": 351,
    "boss": "30099|1",
    "distance": 21060,
    "monster": "10499|2",
    "time": "1.0250|1.5000"
  },
  {
    "id": 352,
    "boss": "30199|1",
    "distance": 21120,
    "monster": "11299|2",
    "time": "1.0245|1.5000"
  },
  {
    "id": 353,
    "boss": "30299|1",
    "distance": 21180,
    "monster": "10399|2",
    "time": "1.0240|1.5000"
  },
  {
    "id": 354,
    "boss": "30399|1",
    "distance": 21240,
    "monster": "10099|2",
    "time": "1.0235|1.5000"
  },
  {
    "id": 355,
    "boss": "30499|1",
    "distance": 21300,
    "monster": "10399|2",
    "time": "1.0230|1.5000"
  },
  {
    "id": 356,
    "boss": "30599|1",
    "distance": 21360,
    "monster": "10399|2",
    "time": "1.0225|1.5000"
  },
  {
    "id": 357,
    "boss": "30699|1",
    "distance": 21420,
    "monster": "10999|2",
    "time": "1.0220|1.5000"
  },
  {
    "id": 358,
    "boss": "30799|1",
    "distance": 21480,
    "monster": "10599|2",
    "time": "1.0215|1.5000"
  },
  {
    "id": 359,
    "boss": "30899|1",
    "distance": 21540,
    "monster": "11399|2",
    "time": "1.0210|1.5000"
  },
  {
    "id": 360,
    "boss": "30999|1",
    "distance": 21600,
    "monster": "11399|2",
    "time": "1.0205|1.5000"
  },
  {
    "id": 361,
    "boss": "31099|1",
    "distance": 21660,
    "monster": "10099|2",
    "time": "1.0200|1.5000"
  },
  {
    "id": 362,
    "boss": "31199|1",
    "distance": 21720,
    "monster": "10899|2",
    "time": "1.0195|1.5000"
  },
  {
    "id": 363,
    "boss": "31299|1",
    "distance": 21780,
    "monster": "11099|2",
    "time": "1.0190|1.5000"
  },
  {
    "id": 364,
    "boss": "31499|1",
    "distance": 21840,
    "monster": "10499|2",
    "time": "1.0185|1.5000"
  },
  {
    "id": 365,
    "boss": "30099|1",
    "distance": 21900,
    "monster": "10199|2",
    "time": "1.0180|1.5000"
  },
  {
    "id": 366,
    "boss": "30199|1",
    "distance": 21960,
    "monster": "10899|2",
    "time": "1.0175|1.5000"
  },
  {
    "id": 367,
    "boss": "30299|1",
    "distance": 22020,
    "monster": "10199|2",
    "time": "1.0170|1.5000"
  },
  {
    "id": 368,
    "boss": "30399|1",
    "distance": 22080,
    "monster": "11099|2",
    "time": "1.0165|1.5000"
  },
  {
    "id": 369,
    "boss": "30499|1",
    "distance": 22140,
    "monster": "10299|2",
    "time": "1.0160|1.5000"
  },
  {
    "id": 370,
    "boss": "30599|1",
    "distance": 22200,
    "monster": "11299|2",
    "time": "1.0155|1.5000"
  },
  {
    "id": 371,
    "boss": "30699|1",
    "distance": 22260,
    "monster": "10099|2",
    "time": "1.0150|1.5000"
  },
  {
    "id": 372,
    "boss": "30799|1",
    "distance": 22320,
    "monster": "10499|2",
    "time": "1.0145|1.5000"
  },
  {
    "id": 373,
    "boss": "30899|1",
    "distance": 22380,
    "monster": "10099|2",
    "time": "1.0140|1.5000"
  },
  {
    "id": 374,
    "boss": "30999|1",
    "distance": 22440,
    "monster": "10199|2",
    "time": "1.0135|1.5000"
  },
  {
    "id": 375,
    "boss": "31099|1",
    "distance": 22500,
    "monster": "11499|2",
    "time": "1.0130|1.5000"
  },
  {
    "id": 376,
    "boss": "31199|1",
    "distance": 22560,
    "monster": "11099|2",
    "time": "1.0125|1.5000"
  },
  {
    "id": 377,
    "boss": "31299|1",
    "distance": 22620,
    "monster": "11499|2",
    "time": "1.0120|1.5000"
  },
  {
    "id": 378,
    "boss": "31499|1",
    "distance": 22680,
    "monster": "10199|2",
    "time": "1.0115|1.5000"
  },
  {
    "id": 379,
    "boss": "30099|1",
    "distance": 22740,
    "monster": "10099|2",
    "time": "1.0110|1.5000"
  },
  {
    "id": 380,
    "boss": "30199|1",
    "distance": 22800,
    "monster": "10399|2",
    "time": "1.0105|1.5000"
  },
  {
    "id": 381,
    "boss": "30299|1",
    "distance": 22860,
    "monster": "10199|2",
    "time": "1.0100|1.5000"
  },
  {
    "id": 382,
    "boss": "30399|1",
    "distance": 22920,
    "monster": "10399|2",
    "time": "1.0095|1.5000"
  },
  {
    "id": 383,
    "boss": "30499|1",
    "distance": 22980,
    "monster": "10199|2",
    "time": "1.0090|1.5000"
  },
  {
    "id": 384,
    "boss": "30599|1",
    "distance": 23040,
    "monster": "11499|2",
    "time": "1.0085|1.5000"
  },
  {
    "id": 385,
    "boss": "30699|1",
    "distance": 23100,
    "monster": "10999|2",
    "time": "1.0080|1.5000"
  },
  {
    "id": 386,
    "boss": "30799|1",
    "distance": 23160,
    "monster": "10199|2",
    "time": "1.0075|1.5000"
  },
  {
    "id": 387,
    "boss": "30899|1",
    "distance": 23220,
    "monster": "11199|2",
    "time": "1.0070|1.5000"
  },
  {
    "id": 388,
    "boss": "30999|1",
    "distance": 23280,
    "monster": "10699|2",
    "time": "1.0065|1.5000"
  },
  {
    "id": 389,
    "boss": "31099|1",
    "distance": 23340,
    "monster": "11099|2",
    "time": "1.0060|1.5000"
  },
  {
    "id": 390,
    "boss": "31199|1",
    "distance": 23400,
    "monster": "10399|2",
    "time": "1.0055|1.5000"
  },
  {
    "id": 391,
    "boss": "31299|1",
    "distance": 23460,
    "monster": "11199|2",
    "time": "1.0050|1.5000"
  },
  {
    "id": 392,
    "boss": "31499|1",
    "distance": 23520,
    "monster": "10699|2",
    "time": "1.0045|1.5000"
  },
  {
    "id": 393,
    "boss": "30099|1",
    "distance": 23580,
    "monster": "10799|2",
    "time": "1.0040|1.5000"
  },
  {
    "id": 394,
    "boss": "30199|1",
    "distance": 23640,
    "monster": "10299|2",
    "time": "1.0035|1.5000"
  },
  {
    "id": 395,
    "boss": "30299|1",
    "distance": 23700,
    "monster": "11199|2",
    "time": "1.0030|1.5000"
  },
  {
    "id": 396,
    "boss": "30399|1",
    "distance": 23760,
    "monster": "11499|2",
    "time": "1.0025|1.5000"
  },
  {
    "id": 397,
    "boss": "30499|1",
    "distance": 23820,
    "monster": "10399|2",
    "time": "1.0020|1.5000"
  },
  {
    "id": 398,
    "boss": "30599|1",
    "distance": 23880,
    "monster": "10199|2",
    "time": "1.0015|1.5000"
  },
  {
    "id": 399,
    "boss": "30699|1",
    "distance": 23940,
    "monster": "11399|2",
    "time": "1.0010|1.5000"
  },
  {
    "id": 400,
    "boss": "30799|1",
    "distance": 24000,
    "monster": "10899|2",
    "time": "1.0005|1.5000"
  },
  {
    "id": 401,
    "boss": "30899|1",
    "distance": 24060,
    "monster": "11199|2",
    "time": "1.0000|1.5000"
  },
  {
    "id": 402,
    "boss": "30999|1",
    "distance": 24120,
    "monster": "10199|2",
    "time": "0.9995|1.5000"
  },
  {
    "id": 403,
    "boss": "31099|1",
    "distance": 24180,
    "monster": "11499|2",
    "time": "0.9990|1.5000"
  },
  {
    "id": 404,
    "boss": "31199|1",
    "distance": 24240,
    "monster": "11499|2",
    "time": "0.9985|1.5000"
  },
  {
    "id": 405,
    "boss": "31299|1",
    "distance": 24300,
    "monster": "10799|2",
    "time": "0.9980|1.5000"
  },
  {
    "id": 406,
    "boss": "31499|1",
    "distance": 24360,
    "monster": "11299|2",
    "time": "0.9975|1.5000"
  },
  {
    "id": 407,
    "boss": "30099|1",
    "distance": 24420,
    "monster": "10099|2",
    "time": "0.9970|1.5000"
  },
  {
    "id": 408,
    "boss": "30199|1",
    "distance": 24480,
    "monster": "11099|2",
    "time": "0.9965|1.5000"
  },
  {
    "id": 409,
    "boss": "30299|1",
    "distance": 24540,
    "monster": "11499|2",
    "time": "0.9960|1.5000"
  },
  {
    "id": 410,
    "boss": "30399|1",
    "distance": 24600,
    "monster": "10699|2",
    "time": "0.9955|1.5000"
  },
  {
    "id": 411,
    "boss": "30499|1",
    "distance": 24660,
    "monster": "11199|2",
    "time": "0.9950|1.5000"
  },
  {
    "id": 412,
    "boss": "30599|1",
    "distance": 24720,
    "monster": "10599|2",
    "time": "0.9945|1.5000"
  },
  {
    "id": 413,
    "boss": "30699|1",
    "distance": 24780,
    "monster": "10699|2",
    "time": "0.9940|1.5000"
  },
  {
    "id": 414,
    "boss": "30799|1",
    "distance": 24840,
    "monster": "11499|2",
    "time": "0.9935|1.5000"
  },
  {
    "id": 415,
    "boss": "30899|1",
    "distance": 24900,
    "monster": "10499|2",
    "time": "0.9930|1.5000"
  },
  {
    "id": 416,
    "boss": "30999|1",
    "distance": 24960,
    "monster": "10999|2",
    "time": "0.9925|1.5000"
  },
  {
    "id": 417,
    "boss": "31099|1",
    "distance": 25020,
    "monster": "10299|2",
    "time": "0.9920|1.5000"
  },
  {
    "id": 418,
    "boss": "31199|1",
    "distance": 25080,
    "monster": "10299|2",
    "time": "0.9915|1.5000"
  },
  {
    "id": 419,
    "boss": "31299|1",
    "distance": 25140,
    "monster": "10999|2",
    "time": "0.9910|1.5000"
  },
  {
    "id": 420,
    "boss": "31499|1",
    "distance": 25200,
    "monster": "10399|2",
    "time": "0.9905|1.5000"
  },
  {
    "id": 421,
    "boss": "30099|1",
    "distance": 25260,
    "monster": "10599|2",
    "time": "0.9900|1.5000"
  },
  {
    "id": 422,
    "boss": "30199|1",
    "distance": 25320,
    "monster": "10199|2",
    "time": "0.9895|1.5000"
  },
  {
    "id": 423,
    "boss": "30299|1",
    "distance": 25380,
    "monster": "11099|2",
    "time": "0.9890|1.5000"
  },
  {
    "id": 424,
    "boss": "30399|1",
    "distance": 25440,
    "monster": "10399|2",
    "time": "0.9885|1.5000"
  },
  {
    "id": 425,
    "boss": "30499|1",
    "distance": 25500,
    "monster": "11499|2",
    "time": "0.9880|1.5000"
  },
  {
    "id": 426,
    "boss": "30599|1",
    "distance": 25560,
    "monster": "10199|2",
    "time": "0.9875|1.5000"
  },
  {
    "id": 427,
    "boss": "30699|1",
    "distance": 25620,
    "monster": "11399|2",
    "time": "0.9870|1.5000"
  },
  {
    "id": 428,
    "boss": "30799|1",
    "distance": 25680,
    "monster": "10799|2",
    "time": "0.9865|1.5000"
  },
  {
    "id": 429,
    "boss": "30899|1",
    "distance": 25740,
    "monster": "11299|2",
    "time": "0.9860|1.5000"
  },
  {
    "id": 430,
    "boss": "30999|1",
    "distance": 25800,
    "monster": "10899|2",
    "time": "0.9855|1.5000"
  },
  {
    "id": 431,
    "boss": "31099|1",
    "distance": 25860,
    "monster": "10699|2",
    "time": "0.9850|1.5000"
  },
  {
    "id": 432,
    "boss": "31199|1",
    "distance": 25920,
    "monster": "11099|2",
    "time": "0.9845|1.5000"
  },
  {
    "id": 433,
    "boss": "31299|1",
    "distance": 25980,
    "monster": "10799|2",
    "time": "0.9840|1.5000"
  },
  {
    "id": 434,
    "boss": "31499|1",
    "distance": 26040,
    "monster": "10299|2",
    "time": "0.9835|1.5000"
  },
  {
    "id": 435,
    "boss": "30099|1",
    "distance": 26100,
    "monster": "11399|2",
    "time": "0.9830|1.5000"
  },
  {
    "id": 436,
    "boss": "30199|1",
    "distance": 26160,
    "monster": "10199|2",
    "time": "0.9825|1.5000"
  },
  {
    "id": 437,
    "boss": "30299|1",
    "distance": 26220,
    "monster": "11099|2",
    "time": "0.9820|1.5000"
  },
  {
    "id": 438,
    "boss": "30399|1",
    "distance": 26280,
    "monster": "10999|2",
    "time": "0.9815|1.5000"
  },
  {
    "id": 439,
    "boss": "30499|1",
    "distance": 26340,
    "monster": "11299|2",
    "time": "0.9810|1.5000"
  },
  {
    "id": 440,
    "boss": "30599|1",
    "distance": 26400,
    "monster": "10299|2",
    "time": "0.9805|1.5000"
  },
  {
    "id": 441,
    "boss": "30699|1",
    "distance": 26460,
    "monster": "10499|2",
    "time": "0.9800|1.5000"
  },
  {
    "id": 442,
    "boss": "30799|1",
    "distance": 26520,
    "monster": "10599|2",
    "time": "0.9795|1.5000"
  },
  {
    "id": 443,
    "boss": "30899|1",
    "distance": 26580,
    "monster": "10799|2",
    "time": "0.9790|1.5000"
  },
  {
    "id": 444,
    "boss": "30999|1",
    "distance": 26640,
    "monster": "11199|2",
    "time": "0.9785|1.5000"
  },
  {
    "id": 445,
    "boss": "31099|1",
    "distance": 26700,
    "monster": "11299|2",
    "time": "0.9780|1.5000"
  },
  {
    "id": 446,
    "boss": "31199|1",
    "distance": 26760,
    "monster": "10299|2",
    "time": "0.9775|1.5000"
  },
  {
    "id": 447,
    "boss": "31299|1",
    "distance": 26820,
    "monster": "10799|2",
    "time": "0.9770|1.5000"
  },
  {
    "id": 448,
    "boss": "31499|1",
    "distance": 26880,
    "monster": "10499|2",
    "time": "0.9765|1.5000"
  },
  {
    "id": 449,
    "boss": "30099|1",
    "distance": 26940,
    "monster": "11099|2",
    "time": "0.9760|1.5000"
  },
  {
    "id": 450,
    "boss": "30199|1",
    "distance": 27000,
    "monster": "11499|2",
    "time": "0.9755|1.5000"
  },
  {
    "id": 451,
    "boss": "30299|1",
    "distance": 27060,
    "monster": "11499|2",
    "time": "0.9750|1.5000"
  },
  {
    "id": 452,
    "boss": "30399|1",
    "distance": 27120,
    "monster": "10699|2",
    "time": "0.9745|1.5000"
  },
  {
    "id": 453,
    "boss": "30499|1",
    "distance": 27180,
    "monster": "11399|2",
    "time": "0.9740|1.5000"
  },
  {
    "id": 454,
    "boss": "30599|1",
    "distance": 27240,
    "monster": "10199|2",
    "time": "0.9735|1.5000"
  },
  {
    "id": 455,
    "boss": "30699|1",
    "distance": 27300,
    "monster": "11499|2",
    "time": "0.9730|1.5000"
  },
  {
    "id": 456,
    "boss": "30799|1",
    "distance": 27360,
    "monster": "11099|2",
    "time": "0.9725|1.5000"
  },
  {
    "id": 457,
    "boss": "30899|1",
    "distance": 27420,
    "monster": "10299|2",
    "time": "0.9720|1.5000"
  },
  {
    "id": 458,
    "boss": "30999|1",
    "distance": 27480,
    "monster": "11399|2",
    "time": "0.9715|1.5000"
  },
  {
    "id": 459,
    "boss": "31099|1",
    "distance": 27540,
    "monster": "10199|2",
    "time": "0.9710|1.5000"
  },
  {
    "id": 460,
    "boss": "31199|1",
    "distance": 27600,
    "monster": "11199|2",
    "time": "0.9705|1.5000"
  },
  {
    "id": 461,
    "boss": "31299|1",
    "distance": 27660,
    "monster": "10299|2",
    "time": "0.9700|1.5000"
  },
  {
    "id": 462,
    "boss": "31499|1",
    "distance": 27720,
    "monster": "10199|2",
    "time": "0.9695|1.5000"
  },
  {
    "id": 463,
    "boss": "30099|1",
    "distance": 27780,
    "monster": "10299|2",
    "time": "0.9690|1.5000"
  },
  {
    "id": 464,
    "boss": "30199|1",
    "distance": 27840,
    "monster": "10699|2",
    "time": "0.9685|1.5000"
  },
  {
    "id": 465,
    "boss": "30299|1",
    "distance": 27900,
    "monster": "11499|2",
    "time": "0.9680|1.5000"
  },
  {
    "id": 466,
    "boss": "30399|1",
    "distance": 27960,
    "monster": "11099|2",
    "time": "0.9675|1.5000"
  },
  {
    "id": 467,
    "boss": "30499|1",
    "distance": 28020,
    "monster": "10999|2",
    "time": "0.9670|1.5000"
  },
  {
    "id": 468,
    "boss": "30599|1",
    "distance": 28080,
    "monster": "10899|2",
    "time": "0.9665|1.5000"
  },
  {
    "id": 469,
    "boss": "30699|1",
    "distance": 28140,
    "monster": "11199|2",
    "time": "0.9660|1.5000"
  },
  {
    "id": 470,
    "boss": "30799|1",
    "distance": 28200,
    "monster": "10999|2",
    "time": "0.9655|1.5000"
  },
  {
    "id": 471,
    "boss": "30899|1",
    "distance": 28260,
    "monster": "11299|2",
    "time": "0.9650|1.5000"
  },
  {
    "id": 472,
    "boss": "30999|1",
    "distance": 28320,
    "monster": "10699|2",
    "time": "0.9645|1.5000"
  },
  {
    "id": 473,
    "boss": "31099|1",
    "distance": 28380,
    "monster": "11199|2",
    "time": "0.9640|1.5000"
  },
  {
    "id": 474,
    "boss": "31199|1",
    "distance": 28440,
    "monster": "10799|2",
    "time": "0.9635|1.5000"
  },
  {
    "id": 475,
    "boss": "31299|1",
    "distance": 28500,
    "monster": "10499|2",
    "time": "0.9630|1.5000"
  },
  {
    "id": 476,
    "boss": "31499|1",
    "distance": 28560,
    "monster": "10599|2",
    "time": "0.9625|1.5000"
  },
  {
    "id": 477,
    "boss": "30099|1",
    "distance": 28620,
    "monster": "10999|2",
    "time": "0.9620|1.5000"
  },
  {
    "id": 478,
    "boss": "30199|1",
    "distance": 28680,
    "monster": "11499|2",
    "time": "0.9615|1.5000"
  },
  {
    "id": 479,
    "boss": "30299|1",
    "distance": 28740,
    "monster": "10299|2",
    "time": "0.9610|1.5000"
  },
  {
    "id": 480,
    "boss": "30399|1",
    "distance": 28800,
    "monster": "10399|2",
    "time": "0.9605|1.5000"
  },
  {
    "id": 481,
    "boss": "30499|1",
    "distance": 28860,
    "monster": "11299|2",
    "time": "0.9600|1.5000"
  },
  {
    "id": 482,
    "boss": "30599|1",
    "distance": 28920,
    "monster": "11399|2",
    "time": "0.9595|1.5000"
  },
  {
    "id": 483,
    "boss": "30699|1",
    "distance": 28980,
    "monster": "11099|2",
    "time": "0.9590|1.5000"
  },
  {
    "id": 484,
    "boss": "30799|1",
    "distance": 29040,
    "monster": "11399|2",
    "time": "0.9585|1.5000"
  },
  {
    "id": 485,
    "boss": "30899|1",
    "distance": 29100,
    "monster": "10599|2",
    "time": "0.9580|1.5000"
  },
  {
    "id": 486,
    "boss": "30999|1",
    "distance": 29160,
    "monster": "10599|2",
    "time": "0.9575|1.5000"
  },
  {
    "id": 487,
    "boss": "31099|1",
    "distance": 29220,
    "monster": "10399|2",
    "time": "0.9570|1.5000"
  },
  {
    "id": 488,
    "boss": "31199|1",
    "distance": 29280,
    "monster": "10399|2",
    "time": "0.9565|1.5000"
  },
  {
    "id": 489,
    "boss": "31299|1",
    "distance": 29340,
    "monster": "11199|2",
    "time": "0.9560|1.5000"
  },
  {
    "id": 490,
    "boss": "31499|1",
    "distance": 29400,
    "monster": "10499|2",
    "time": "0.9555|1.5000"
  },
  {
    "id": 491,
    "boss": "30099|1",
    "distance": 29460,
    "monster": "10399|2",
    "time": "0.9550|1.5000"
  },
  {
    "id": 492,
    "boss": "30199|1",
    "distance": 29520,
    "monster": "10999|2",
    "time": "0.9545|1.5000"
  },
  {
    "id": 493,
    "boss": "30299|1",
    "distance": 29580,
    "monster": "10699|2",
    "time": "0.9540|1.5000"
  },
  {
    "id": 494,
    "boss": "30399|1",
    "distance": 29640,
    "monster": "11099|2",
    "time": "0.9535|1.5000"
  },
  {
    "id": 495,
    "boss": "30499|1",
    "distance": 29700,
    "monster": "10899|2",
    "time": "0.9530|1.5000"
  },
  {
    "id": 496,
    "boss": "30599|1",
    "distance": 29760,
    "monster": "10299|2",
    "time": "0.9525|1.5000"
  },
  {
    "id": 497,
    "boss": "30699|1",
    "distance": 29820,
    "monster": "11499|2",
    "time": "0.9520|1.5000"
  },
  {
    "id": 498,
    "boss": "30799|1",
    "distance": 29880,
    "monster": "10499|2",
    "time": "0.9515|1.5000"
  },
  {
    "id": 499,
    "boss": "30899|1",
    "distance": 29940,
    "monster": "10499|2",
    "time": "0.9510|1.5000"
  },
  {
    "id": 500,
    "boss": "30999|1",
    "distance": 30000,
    "monster": "10399|2",
    "time": "0.9505|1.5000"
  }
]
}