{ 
"RECORDS": 
[
  {
    "id": 1,
    "diamond": 1,
    "gold": 1000
  },
  {
    "id": 2,
    "diamond": 1,
    "gold": 1200
  },
  {
    "id": 3,
    "diamond": 1,
    "gold": 1400
  },
  {
    "id": 4,
    "diamond": 1,
    "gold": 1600
  },
  {
    "id": 5,
    "diamond": 1,
    "gold": 1800
  },
  {
    "id": 6,
    "diamond": 1,
    "gold": 2000
  },
  {
    "id": 7,
    "diamond": 1,
    "gold": 2200
  },
  {
    "id": 8,
    "diamond": 1,
    "gold": 2400
  },
  {
    "id": 9,
    "diamond": 1,
    "gold": 2600
  },
  {
    "id": 10,
    "diamond": 1,
    "gold": 2800
  },
  {
    "id": 11,
    "diamond": 1,
    "gold": 3000
  },
  {
    "id": 12,
    "diamond": 1,
    "gold": 3200
  },
  {
    "id": 13,
    "diamond": 1,
    "gold": 3400
  },
  {
    "id": 14,
    "diamond": 1,
    "gold": 3600
  },
  {
    "id": 15,
    "diamond": 1,
    "gold": 3800
  },
  {
    "id": 16,
    "diamond": 1,
    "gold": 4000
  },
  {
    "id": 17,
    "diamond": 1,
    "gold": 4200
  },
  {
    "id": 18,
    "diamond": 1,
    "gold": 4400
  },
  {
    "id": 19,
    "diamond": 1,
    "gold": 4600
  },
  {
    "id": 20,
    "diamond": 1,
    "gold": 4800
  },
  {
    "id": 21,
    "diamond": 1,
    "gold": 5000
  },
  {
    "id": 22,
    "diamond": 1,
    "gold": 5200
  },
  {
    "id": 23,
    "diamond": 1,
    "gold": 5400
  },
  {
    "id": 24,
    "diamond": 1,
    "gold": 5600
  },
  {
    "id": 25,
    "diamond": 1,
    "gold": 5800
  },
  {
    "id": 26,
    "diamond": 1,
    "gold": 6000
  },
  {
    "id": 27,
    "diamond": 1,
    "gold": 6200
  },
  {
    "id": 28,
    "diamond": 1,
    "gold": 6400
  },
  {
    "id": 29,
    "diamond": 1,
    "gold": 6600
  },
  {
    "id": 30,
    "diamond": 1,
    "gold": 6800
  },
  {
    "id": 31,
    "diamond": 1,
    "gold": 7000
  },
  {
    "id": 32,
    "diamond": 1,
    "gold": 7200
  },
  {
    "id": 33,
    "diamond": 1,
    "gold": 7400
  },
  {
    "id": 34,
    "diamond": 1,
    "gold": 7600
  },
  {
    "id": 35,
    "diamond": 1,
    "gold": 7800
  },
  {
    "id": 36,
    "diamond": 1,
    "gold": 8000
  },
  {
    "id": 37,
    "diamond": 1,
    "gold": 8200
  },
  {
    "id": 38,
    "diamond": 1,
    "gold": 8400
  },
  {
    "id": 39,
    "diamond": 1,
    "gold": 8600
  },
  {
    "id": 40,
    "diamond": 1,
    "gold": 8800
  },
  {
    "id": 41,
    "diamond": 1,
    "gold": 9000
  },
  {
    "id": 42,
    "diamond": 1,
    "gold": 9200
  },
  {
    "id": 43,
    "diamond": 1,
    "gold": 9400
  },
  {
    "id": 44,
    "diamond": 1,
    "gold": 9600
  },
  {
    "id": 45,
    "diamond": 1,
    "gold": 9800
  },
  {
    "id": 46,
    "diamond": 1,
    "gold": 10000
  },
  {
    "id": 47,
    "diamond": 1,
    "gold": 10200
  },
  {
    "id": 48,
    "diamond": 1,
    "gold": 10400
  },
  {
    "id": 49,
    "diamond": 1,
    "gold": 10600
  },
  {
    "id": 50,
    "diamond": 1,
    "gold": 10800
  },
  {
    "id": 51,
    "diamond": 1,
    "gold": 11000
  },
  {
    "id": 52,
    "diamond": 1,
    "gold": 11200
  },
  {
    "id": 53,
    "diamond": 1,
    "gold": 11400
  },
  {
    "id": 54,
    "diamond": 1,
    "gold": 11600
  },
  {
    "id": 55,
    "diamond": 1,
    "gold": 11800
  },
  {
    "id": 56,
    "diamond": 1,
    "gold": 12000
  },
  {
    "id": 57,
    "diamond": 1,
    "gold": 12200
  },
  {
    "id": 58,
    "diamond": 1,
    "gold": 12400
  },
  {
    "id": 59,
    "diamond": 1,
    "gold": 12600
  },
  {
    "id": 60,
    "diamond": 1,
    "gold": 12800
  },
  {
    "id": 61,
    "diamond": 1,
    "gold": 13000
  },
  {
    "id": 62,
    "diamond": 1,
    "gold": 13200
  },
  {
    "id": 63,
    "diamond": 1,
    "gold": 13400
  },
  {
    "id": 64,
    "diamond": 1,
    "gold": 13600
  },
  {
    "id": 65,
    "diamond": 1,
    "gold": 13800
  },
  {
    "id": 66,
    "diamond": 1,
    "gold": 14000
  },
  {
    "id": 67,
    "diamond": 1,
    "gold": 14200
  },
  {
    "id": 68,
    "diamond": 1,
    "gold": 14400
  },
  {
    "id": 69,
    "diamond": 1,
    "gold": 14600
  },
  {
    "id": 70,
    "diamond": 1,
    "gold": 14800
  },
  {
    "id": 71,
    "diamond": 1,
    "gold": 15000
  },
  {
    "id": 72,
    "diamond": 1,
    "gold": 15200
  },
  {
    "id": 73,
    "diamond": 1,
    "gold": 15400
  },
  {
    "id": 74,
    "diamond": 1,
    "gold": 15600
  },
  {
    "id": 75,
    "diamond": 1,
    "gold": 15800
  },
  {
    "id": 76,
    "diamond": 1,
    "gold": 16000
  },
  {
    "id": 77,
    "diamond": 1,
    "gold": 16200
  },
  {
    "id": 78,
    "diamond": 1,
    "gold": 16400
  },
  {
    "id": 79,
    "diamond": 1,
    "gold": 16600
  },
  {
    "id": 80,
    "diamond": 1,
    "gold": 16800
  },
  {
    "id": 81,
    "diamond": 1,
    "gold": 17000
  },
  {
    "id": 82,
    "diamond": 1,
    "gold": 17200
  },
  {
    "id": 83,
    "diamond": 1,
    "gold": 17400
  },
  {
    "id": 84,
    "diamond": 1,
    "gold": 17600
  },
  {
    "id": 85,
    "diamond": 1,
    "gold": 17800
  },
  {
    "id": 86,
    "diamond": 1,
    "gold": 18000
  },
  {
    "id": 87,
    "diamond": 1,
    "gold": 18200
  },
  {
    "id": 88,
    "diamond": 1,
    "gold": 18400
  },
  {
    "id": 89,
    "diamond": 1,
    "gold": 18600
  },
  {
    "id": 90,
    "diamond": 1,
    "gold": 18800
  },
  {
    "id": 91,
    "diamond": 1,
    "gold": 19000
  },
  {
    "id": 92,
    "diamond": 1,
    "gold": 19200
  },
  {
    "id": 93,
    "diamond": 1,
    "gold": 19400
  },
  {
    "id": 94,
    "diamond": 1,
    "gold": 19600
  },
  {
    "id": 95,
    "diamond": 1,
    "gold": 19800
  },
  {
    "id": 96,
    "diamond": 1,
    "gold": 20000
  },
  {
    "id": 97,
    "diamond": 1,
    "gold": 20200
  },
  {
    "id": 98,
    "diamond": 1,
    "gold": 20400
  },
  {
    "id": 99,
    "diamond": 1,
    "gold": 20600
  },
  {
    "id": 100,
    "diamond": 1,
    "gold": 20800
  },
  {
    "id": 101,
    "diamond": 1,
    "gold": 21000
  },
  {
    "id": 102,
    "diamond": 1,
    "gold": 21200
  },
  {
    "id": 103,
    "diamond": 1,
    "gold": 21400
  },
  {
    "id": 104,
    "diamond": 1,
    "gold": 21600
  },
  {
    "id": 105,
    "diamond": 1,
    "gold": 21800
  },
  {
    "id": 106,
    "diamond": 1,
    "gold": 22000
  },
  {
    "id": 107,
    "diamond": 1,
    "gold": 22200
  },
  {
    "id": 108,
    "diamond": 1,
    "gold": 22400
  },
  {
    "id": 109,
    "diamond": 1,
    "gold": 22600
  },
  {
    "id": 110,
    "diamond": 1,
    "gold": 22800
  },
  {
    "id": 111,
    "diamond": 1,
    "gold": 23000
  },
  {
    "id": 112,
    "diamond": 1,
    "gold": 23200
  },
  {
    "id": 113,
    "diamond": 1,
    "gold": 23400
  },
  {
    "id": 114,
    "diamond": 1,
    "gold": 23600
  },
  {
    "id": 115,
    "diamond": 1,
    "gold": 23800
  },
  {
    "id": 116,
    "diamond": 1,
    "gold": 24000
  },
  {
    "id": 117,
    "diamond": 1,
    "gold": 24200
  },
  {
    "id": 118,
    "diamond": 1,
    "gold": 24400
  },
  {
    "id": 119,
    "diamond": 1,
    "gold": 24600
  },
  {
    "id": 120,
    "diamond": 1,
    "gold": 24800
  },
  {
    "id": 121,
    "diamond": 1,
    "gold": 25000
  },
  {
    "id": 122,
    "diamond": 1,
    "gold": 25200
  },
  {
    "id": 123,
    "diamond": 1,
    "gold": 25400
  },
  {
    "id": 124,
    "diamond": 1,
    "gold": 25600
  },
  {
    "id": 125,
    "diamond": 1,
    "gold": 25800
  },
  {
    "id": 126,
    "diamond": 1,
    "gold": 26000
  },
  {
    "id": 127,
    "diamond": 1,
    "gold": 26200
  },
  {
    "id": 128,
    "diamond": 1,
    "gold": 26400
  },
  {
    "id": 129,
    "diamond": 1,
    "gold": 26600
  },
  {
    "id": 130,
    "diamond": 1,
    "gold": 26800
  },
  {
    "id": 131,
    "diamond": 1,
    "gold": 27000
  },
  {
    "id": 132,
    "diamond": 1,
    "gold": 27200
  },
  {
    "id": 133,
    "diamond": 1,
    "gold": 27400
  },
  {
    "id": 134,
    "diamond": 1,
    "gold": 27600
  },
  {
    "id": 135,
    "diamond": 1,
    "gold": 27800
  },
  {
    "id": 136,
    "diamond": 1,
    "gold": 28000
  },
  {
    "id": 137,
    "diamond": 1,
    "gold": 28200
  },
  {
    "id": 138,
    "diamond": 1,
    "gold": 28400
  },
  {
    "id": 139,
    "diamond": 1,
    "gold": 28600
  },
  {
    "id": 140,
    "diamond": 1,
    "gold": 28800
  },
  {
    "id": 141,
    "diamond": 1,
    "gold": 29000
  },
  {
    "id": 142,
    "diamond": 1,
    "gold": 29200
  },
  {
    "id": 143,
    "diamond": 1,
    "gold": 29400
  },
  {
    "id": 144,
    "diamond": 1,
    "gold": 29600
  },
  {
    "id": 145,
    "diamond": 1,
    "gold": 29800
  },
  {
    "id": 146,
    "diamond": 1,
    "gold": 30000
  },
  {
    "id": 147,
    "diamond": 1,
    "gold": 30200
  },
  {
    "id": 148,
    "diamond": 1,
    "gold": 30400
  },
  {
    "id": 149,
    "diamond": 1,
    "gold": 30600
  },
  {
    "id": 150,
    "diamond": 1,
    "gold": 30800
  },
  {
    "id": 151,
    "diamond": 1,
    "gold": 31000
  },
  {
    "id": 152,
    "diamond": 1,
    "gold": 31200
  },
  {
    "id": 153,
    "diamond": 1,
    "gold": 31400
  },
  {
    "id": 154,
    "diamond": 1,
    "gold": 31600
  },
  {
    "id": 155,
    "diamond": 1,
    "gold": 31800
  },
  {
    "id": 156,
    "diamond": 1,
    "gold": 32000
  },
  {
    "id": 157,
    "diamond": 1,
    "gold": 32200
  },
  {
    "id": 158,
    "diamond": 1,
    "gold": 32400
  },
  {
    "id": 159,
    "diamond": 1,
    "gold": 32600
  },
  {
    "id": 160,
    "diamond": 1,
    "gold": 32800
  },
  {
    "id": 161,
    "diamond": 1,
    "gold": 33000
  },
  {
    "id": 162,
    "diamond": 1,
    "gold": 33200
  },
  {
    "id": 163,
    "diamond": 1,
    "gold": 33400
  },
  {
    "id": 164,
    "diamond": 1,
    "gold": 33600
  },
  {
    "id": 165,
    "diamond": 1,
    "gold": 33800
  },
  {
    "id": 166,
    "diamond": 1,
    "gold": 34000
  },
  {
    "id": 167,
    "diamond": 1,
    "gold": 34200
  },
  {
    "id": 168,
    "diamond": 1,
    "gold": 34400
  },
  {
    "id": 169,
    "diamond": 1,
    "gold": 34600
  },
  {
    "id": 170,
    "diamond": 1,
    "gold": 34800
  },
  {
    "id": 171,
    "diamond": 1,
    "gold": 35000
  },
  {
    "id": 172,
    "diamond": 1,
    "gold": 35200
  },
  {
    "id": 173,
    "diamond": 1,
    "gold": 35400
  },
  {
    "id": 174,
    "diamond": 1,
    "gold": 35600
  },
  {
    "id": 175,
    "diamond": 1,
    "gold": 35800
  },
  {
    "id": 176,
    "diamond": 1,
    "gold": 36000
  },
  {
    "id": 177,
    "diamond": 1,
    "gold": 36200
  },
  {
    "id": 178,
    "diamond": 1,
    "gold": 36400
  },
  {
    "id": 179,
    "diamond": 1,
    "gold": 36600
  },
  {
    "id": 180,
    "diamond": 1,
    "gold": 36800
  },
  {
    "id": 181,
    "diamond": 1,
    "gold": 37000
  },
  {
    "id": 182,
    "diamond": 1,
    "gold": 37200
  },
  {
    "id": 183,
    "diamond": 1,
    "gold": 37400
  },
  {
    "id": 184,
    "diamond": 1,
    "gold": 37600
  },
  {
    "id": 185,
    "diamond": 1,
    "gold": 37800
  },
  {
    "id": 186,
    "diamond": 1,
    "gold": 38000
  },
  {
    "id": 187,
    "diamond": 1,
    "gold": 38200
  },
  {
    "id": 188,
    "diamond": 1,
    "gold": 38400
  },
  {
    "id": 189,
    "diamond": 1,
    "gold": 38600
  },
  {
    "id": 190,
    "diamond": 1,
    "gold": 38800
  },
  {
    "id": 191,
    "diamond": 1,
    "gold": 39000
  },
  {
    "id": 192,
    "diamond": 1,
    "gold": 39200
  },
  {
    "id": 193,
    "diamond": 1,
    "gold": 39400
  },
  {
    "id": 194,
    "diamond": 1,
    "gold": 39600
  },
  {
    "id": 195,
    "diamond": 1,
    "gold": 39800
  },
  {
    "id": 196,
    "diamond": 1,
    "gold": 40000
  },
  {
    "id": 197,
    "diamond": 1,
    "gold": 40200
  },
  {
    "id": 198,
    "diamond": 1,
    "gold": 40400
  },
  {
    "id": 199,
    "diamond": 1,
    "gold": 40600
  },
  {
    "id": 200,
    "diamond": 1,
    "gold": 40800
  }
]
}