{ 
"RECORDS": 
[
  {
    "id": 1,
    "name": "血量",
    "dec": "增加5%最大血量",
    "icon": "icon_1",
    "effect": "-1",
    "rate": 5,
    "value1": "5|5",
    "value2": "5|5",
    "immunity1": "0",
    "immunity2": "0",
    "limit": 5
  },
  {
    "id": 2,
    "name": "威力",
    "dec": "增加5%火力",
    "icon": "icon_2",
    "effect": "-1",
    "rate": 5,
    "value1": "5|5",
    "value2": "5|5",
    "immunity1": "0",
    "immunity2": "0",
    "limit": 5
  },
  {
    "id": 3,
    "name": "唯快不破",
    "dec": "增加5%射速（射击速度和子弹飞行速度）",
    "icon": "icon_3",
    "effect": "-1",
    "rate": 3,
    "value1": "5|5",
    "value2": "5|5",
    "immunity1": "0",
    "immunity2": "0",
    "limit": 3
  },
  {
    "id": 4,
    "name": "垂直方向弹道+1",
    "dec": "增加垂直方向的一条弹道",
    "icon": "icon_4",
    "effect": "-1",
    "rate": 11,
    "value1": "1|1",
    "value2": "1|1",
    "immunity1": "0",
    "immunity2": "0",
    "limit": 10
  },
  {
    "id": 5,
    "name": "无敌",
    "dec": "每10秒获得无敌一段时间",
    "icon": "icon_5",
    "effect": "-1",
    "rate": 6,
    "value1": "2|0.2",
    "value2": "2|0.2",
    "immunity1": "0",
    "immunity2": "0",
    "limit": 6
  },
  {
    "id": 6,
    "name": "防弹装置",
    "dec": "减少受到的子弹伤害",
    "icon": "icon_6",
    "effect": "fanghudun",
    "rate": 6,
    "value1": "10|2",
    "value2": "10|2",
    "immunity1": "0",
    "immunity2": "0",
    "limit": 6
  },
  {
    "id": 7,
    "name": "加强装甲",
    "dec": "减少受到的撞击伤害",
    "icon": "icon_7",
    "effect": "jiaqiangfangyu",
    "rate": 6,
    "value1": "10|2",
    "value2": "10|2",
    "immunity1": "0",
    "immunity2": "0",
    "limit": 6
  },
  {
    "id": 8,
    "name": "终极防御",
    "dec": "减少受到的所有伤害",
    "icon": "icon_8",
    "effect": "zhongjifangyu",
    "rate": 6,
    "value1": "5|1",
    "value2": "5|1",
    "immunity1": "0",
    "immunity2": "0",
    "limit": 6
  },
  {
    "id": 9,
    "name": "有毒",
    "dec": "使敌人持续掉血",
    "icon": "icon_9",
    "effect": "mogupao",
    "rate": 5,
    "value1": "2|0.5|5|0.5",
    "value2": "2|0.5|1|0.1",
    "immunity1": "0",
    "immunity2": "0",
    "limit": 5
  },
  {
    "id": 10,
    "name": "麻痹",
    "dec": "使敌人无法行动",
    "icon": "icon_10",
    "effect": "diancipao",
    "rate": 1,
    "value1": "2|0.5",
    "value2": "1|0.5",
    "immunity1": "5",
    "immunity2": "10",
    "limit": 1
  },
  {
    "id": 11,
    "name": "爆炸输出",
    "dec": "附加二次爆炸范围伤害",
    "icon": "icon_11",
    "effect": "baozhashuchu",
    "rate": 6,
    "value1": "50|10|100",
    "value2": "50|10|50",
    "immunity1": "0",
    "immunity2": "5",
    "limit": 6
  },
  {
    "id": 12,
    "name": "冰缓",
    "dec": "降低怪物的下落速度",
    "icon": "icon_12",
    "effect": "bingshuan",
    "rate": 6,
    "value1": "50|5|2",
    "value2": "50|5|2",
    "immunity1": "0",
    "immunity2": "5",
    "limit": 6
  },
  {
    "id": 13,
    "name": "重击",
    "dec": "击退怪物",
    "icon": "icon_13",
    "effect": "-1",
    "rate": 3,
    "value1": "80|10",
    "value2": "0|0",
    "immunity1": "2",
    "immunity2": "0",
    "limit": 3
  },
  {
    "id": 14,
    "name": "爆头",
    "dec": "有几率直接杀死怪物",
    "icon": "icon_14",
    "effect": "baotou",
    "rate": 1,
    "value1": "0",
    "value2": "0",
    "immunity1": "0",
    "immunity2": "0",
    "limit": 1
  },
  {
    "id": 15,
    "name": "茹毛饮血",
    "dec": "每击杀一个怪物回复1点血量",
    "icon": "icon_15",
    "effect": "rumaoyinxue",
    "rate": 1,
    "value1": "1|1",
    "value2": "1|1",
    "immunity1": "0",
    "immunity2": "0",
    "limit": 1
  },
  {
    "id": 16,
    "name": "升级狂魔",
    "dec": "击杀怪物经验值增加",
    "icon": "icon_16",
    "effect": "-1",
    "rate": 5,
    "value1": "10|2",
    "value2": "10|2",
    "immunity1": "0",
    "immunity2": "0",
    "limit": 5
  },
  {
    "id": 17,
    "name": "绝地反击",
    "dec": "生命值低于20%时，大幅增加火力",
    "icon": "icon_17",
    "effect": "juddifanji",
    "rate": 6,
    "value1": "30|20|5",
    "value2": "30|50|10",
    "immunity1": "0",
    "immunity2": "0",
    "limit": 6
  },
  {
    "id": 18,
    "name": "超强回复",
    "dec": "立即回复10%血量",
    "icon": "icon_18",
    "effect": "xueliang",
    "rate": 11,
    "value1": "10|0",
    "value2": "10|0",
    "immunity1": "0",
    "immunity2": "0",
    "limit": 10
  },
  {
    "id": 19,
    "name": "斜方向弹幕",
    "dec": "增加斜方向弹幕2条",
    "icon": "icon_19",
    "effect": "-1",
    "rate": 7,
    "value1": "2|2",
    "value2": "2|2",
    "immunity1": "0",
    "immunity2": "0",
    "limit": 4
  }
]
}