{ 
"RECORDS": 
[
  {
    "level": 1,
    "hp": 20,
    "fire": 3,
    "speed": 100,
    "bulletSpeed": 30,
    "barrage": 1,
    "score": 15,
    "pic": "plane_01"
  },
  {
    "level": 2,
    "hp": 30,
    "fire": 7,
    "speed": 102,
    "bulletSpeed": 30.2,
    "barrage": 1,
    "score": 65,
    "pic": "plane_01"
  },
  {
    "level": 3,
    "hp": 40,
    "fire": 11,
    "speed": 104,
    "bulletSpeed": 30.4,
    "barrage": 1,
    "score": 150,
    "pic": "plane_02"
  },
  {
    "level": 4,
    "hp": 50,
    "fire": 15,
    "speed": 106,
    "bulletSpeed": 30.6,
    "barrage": 1,
    "score": 300,
    "pic": "plane_02"
  },
  {
    "level": 5,
    "hp": 60,
    "fire": 19,
    "speed": 108,
    "bulletSpeed": 30.8,
    "barrage": 1,
    "score": 550,
    "pic": "plane_03"
  },
  {
    "level": 6,
    "hp": 70,
    "fire": 23,
    "speed": 110,
    "bulletSpeed": 31,
    "barrage": 1,
    "score": 850,
    "pic": "plane_03"
  },
  {
    "level": 7,
    "hp": 80,
    "fire": 27,
    "speed": 112,
    "bulletSpeed": 31.2,
    "barrage": 1,
    "score": 1500,
    "pic": "plane_04"
  },
  {
    "level": 8,
    "hp": 90,
    "fire": 31,
    "speed": 114,
    "bulletSpeed": 31.4,
    "barrage": 1,
    "score": 3000,
    "pic": "plane_04"
  },
  {
    "level": 9,
    "hp": 100,
    "fire": 35,
    "speed": 116,
    "bulletSpeed": 31.6,
    "barrage": 1,
    "score": 5500,
    "pic": "plane_05"
  },
  {
    "level": 10,
    "hp": 110,
    "fire": 39,
    "speed": 118,
    "bulletSpeed": 31.8,
    "barrage": 1,
    "score": 8500,
    "pic": "plane_05"
  },
  {
    "level": 11,
    "hp": 120,
    "fire": 43,
    "speed": 120,
    "bulletSpeed": 32,
    "barrage": 1,
    "score": 12000,
    "pic": "plane_06"
  },
  {
    "level": 12,
    "hp": 130,
    "fire": 47,
    "speed": 122,
    "bulletSpeed": 32.2,
    "barrage": 1,
    "score": 17000,
    "pic": "plane_06"
  },
  {
    "level": 13,
    "hp": 140,
    "fire": 51,
    "speed": 124,
    "bulletSpeed": 32.4,
    "barrage": 1,
    "score": 30000,
    "pic": "plane_07"
  },
  {
    "level": 14,
    "hp": 150,
    "fire": 55,
    "speed": 126,
    "bulletSpeed": 32.6,
    "barrage": 1,
    "score": 55000,
    "pic": "plane_07"
  },
  {
    "level": 15,
    "hp": 160,
    "fire": 59,
    "speed": 128,
    "bulletSpeed": 32.8,
    "barrage": 1,
    "score": 85000,
    "pic": "plane_08"
  },
  {
    "level": 16,
    "hp": 170,
    "fire": 63,
    "speed": 130,
    "bulletSpeed": 33,
    "barrage": 1,
    "score": 120000,
    "pic": "plane_08"
  },
  {
    "level": 17,
    "hp": 180,
    "fire": 67,
    "speed": 132,
    "bulletSpeed": 33.2,
    "barrage": 1,
    "score": 170000,
    "pic": "plane_09"
  },
  {
    "level": 18,
    "hp": 190,
    "fire": 71,
    "speed": 134,
    "bulletSpeed": 33.4,
    "barrage": 1,
    "score": 250000,
    "pic": "plane_09"
  },
  {
    "level": 19,
    "hp": 200,
    "fire": 75,
    "speed": 136,
    "bulletSpeed": 33.6,
    "barrage": 1,
    "score": 350000,
    "pic": "plane_010"
  },
  {
    "level": 20,
    "hp": 210,
    "fire": 79,
    "speed": 138,
    "bulletSpeed": 33.8,
    "barrage": 1,
    "score": -1,
    "pic": "plane_010"
  }
]
}