{ 
"RECORDS": 
[
  {
    "level": 1,
    "fire_gold": 100,
    "fire": 3,
    "speed_gold": 100,
    "speed": 100,
    "bulletSpeed": 30,
    "hp": 100,
    "hp_gold": 100,
    "score": 15,
    "pic": "plane_01"
  },
  {
    "level": 2,
    "fire_gold": 150,
    "fire": 4,
    "speed_gold": 150,
    "speed": 101,
    "bulletSpeed": 30.1,
    "hp": 105,
    "hp_gold": 150,
    "score": 50,
    "pic": "plane_01"
  },
  {
    "level": 3,
    "fire_gold": 200,
    "fire": 5,
    "speed_gold": 200,
    "speed": 102,
    "bulletSpeed": 30.2,
    "hp": 110,
    "hp_gold": 200,
    "score": 100,
    "pic": "plane_01"
  },
  {
    "level": 4,
    "fire_gold": 400,
    "fire": 6,
    "speed_gold": 400,
    "speed": 103,
    "bulletSpeed": 30.3,
    "hp": 115,
    "hp_gold": 400,
    "score": 200,
    "pic": "plane_01"
  },
  {
    "level": 5,
    "fire_gold": 600,
    "fire": 7,
    "speed_gold": 600,
    "speed": 104,
    "bulletSpeed": 30.4,
    "hp": 120,
    "hp_gold": 600,
    "score": 350,
    "pic": "plane_01"
  },
  {
    "level": 6,
    "fire_gold": 800,
    "fire": 8,
    "speed_gold": 800,
    "speed": 105,
    "bulletSpeed": 30.5,
    "hp": 125,
    "hp_gold": 800,
    "score": 500,
    "pic": "plane_01"
  },
  {
    "level": 7,
    "fire_gold": 1000,
    "fire": 9,
    "speed_gold": 1000,
    "speed": 106,
    "bulletSpeed": 30.6,
    "hp": 130,
    "hp_gold": 1000,
    "score": 700,
    "pic": "plane_01"
  },
  {
    "level": 8,
    "fire_gold": 1500,
    "fire": 10,
    "speed_gold": 1500,
    "speed": 107,
    "bulletSpeed": 30.7,
    "hp": 135,
    "hp_gold": 1500,
    "score": 1000,
    "pic": "plane_01"
  },
  {
    "level": 9,
    "fire_gold": 2000,
    "fire": 11,
    "speed_gold": 2000,
    "speed": 108,
    "bulletSpeed": 30.8,
    "hp": 140,
    "hp_gold": 2000,
    "score": 1500,
    "pic": "plane_01"
  },
  {
    "level": 10,
    "fire_gold": 2500,
    "fire": 12,
    "speed_gold": 2500,
    "speed": 109,
    "bulletSpeed": 30.9,
    "hp": 145,
    "hp_gold": 2500,
    "score": 2000,
    "pic": "plane_01"
  },
  {
    "level": 11,
    "fire_gold": 3000,
    "fire": 13,
    "speed_gold": 3000,
    "speed": 110,
    "bulletSpeed": 31,
    "hp": 150,
    "hp_gold": 3000,
    "score": 3000,
    "pic": "plane_02"
  },
  {
    "level": 12,
    "fire_gold": 3657,
    "fire": 14,
    "speed_gold": 3500,
    "speed": 111,
    "bulletSpeed": 31.1,
    "hp": 155,
    "hp_gold": 3500,
    "score": 4000,
    "pic": "plane_02"
  },
  {
    "level": 13,
    "fire_gold": 4775,
    "fire": 15,
    "speed_gold": 4000,
    "speed": 112,
    "bulletSpeed": 31.2,
    "hp": 160,
    "hp_gold": 4000,
    "score": 5000,
    "pic": "plane_02"
  },
  {
    "level": 14,
    "fire_gold": 6117,
    "fire": 16,
    "speed_gold": 4500,
    "speed": 113,
    "bulletSpeed": 31.3,
    "hp": 165,
    "hp_gold": 4500,
    "score": 7000,
    "pic": "plane_02"
  },
  {
    "level": 15,
    "fire_gold": 7707,
    "fire": 17,
    "speed_gold": 5000,
    "speed": 114,
    "bulletSpeed": 31.4,
    "hp": 170,
    "hp_gold": 5000,
    "score": 10000,
    "pic": "plane_02"
  },
  {
    "level": 16,
    "fire_gold": 9570,
    "fire": 18,
    "speed_gold": 5500,
    "speed": 115,
    "bulletSpeed": 31.5,
    "hp": 175,
    "hp_gold": 5500,
    "score": 15000,
    "pic": "plane_02"
  },
  {
    "level": 17,
    "fire_gold": 11731,
    "fire": 19,
    "speed_gold": 6000,
    "speed": 116,
    "bulletSpeed": 31.6,
    "hp": 180,
    "hp_gold": 6000,
    "score": 20000,
    "pic": "plane_02"
  },
  {
    "level": 18,
    "fire_gold": 14215,
    "fire": 20,
    "speed_gold": 6500,
    "speed": 117,
    "bulletSpeed": 31.7,
    "hp": 185,
    "hp_gold": 6500,
    "score": 25000,
    "pic": "plane_02"
  },
  {
    "level": 19,
    "fire_gold": 17048,
    "fire": 21,
    "speed_gold": 7000,
    "speed": 118,
    "bulletSpeed": 31.8,
    "hp": 190,
    "hp_gold": 7000,
    "score": 30000,
    "pic": "plane_02"
  },
  {
    "level": 20,
    "fire_gold": 20256,
    "fire": 22,
    "speed_gold": 7700,
    "speed": 119,
    "bulletSpeed": 31.9,
    "hp": 195,
    "hp_gold": 7700,
    "score": 35000,
    "pic": "plane_02"
  },
  {
    "level": 21,
    "fire_gold": 23866,
    "fire": 23,
    "speed_gold": 8920,
    "speed": 120,
    "bulletSpeed": 32,
    "hp": 200,
    "hp_gold": 8920,
    "score": 40000,
    "pic": "plane_03"
  },
  {
    "level": 22,
    "fire_gold": 27905,
    "fire": 24,
    "speed_gold": 10264,
    "speed": 121,
    "bulletSpeed": 32.1,
    "hp": 205,
    "hp_gold": 10264,
    "score": 49196,
    "pic": "plane_03"
  },
  {
    "level": 23,
    "fire_gold": 32402,
    "fire": 25,
    "speed_gold": 11738,
    "speed": 122,
    "bulletSpeed": 32.2,
    "hp": 210,
    "hp_gold": 11738,
    "score": 56159,
    "pic": "plane_03"
  },
  {
    "level": 24,
    "fire_gold": 37384,
    "fire": 26,
    "speed_gold": 13348,
    "speed": 123,
    "bulletSpeed": 32.3,
    "hp": 215,
    "hp_gold": 13348,
    "score": 62415,
    "pic": "plane_03"
  },
  {
    "level": 25,
    "fire_gold": 42879,
    "fire": 27,
    "speed_gold": 15100,
    "speed": 124,
    "bulletSpeed": 32.4,
    "hp": 220,
    "hp_gold": 15100,
    "score": 70028,
    "pic": "plane_03"
  },
  {
    "level": 26,
    "fire_gold": 48917,
    "fire": 28,
    "speed_gold": 17000,
    "speed": 125,
    "bulletSpeed": 32.5,
    "hp": 225,
    "hp_gold": 17000,
    "score": 78594,
    "pic": "plane_03"
  },
  {
    "level": 27,
    "fire_gold": 55527,
    "fire": 29,
    "speed_gold": 19054,
    "speed": 126,
    "bulletSpeed": 32.6,
    "hp": 230,
    "hp_gold": 19054,
    "score": 88078,
    "pic": "plane_03"
  },
  {
    "level": 28,
    "fire_gold": 62739,
    "fire": 30,
    "speed_gold": 21268,
    "speed": 127,
    "bulletSpeed": 32.7,
    "hp": 235,
    "hp_gold": 21268,
    "score": 96367,
    "pic": "plane_03"
  },
  {
    "level": 29,
    "fire_gold": 70583,
    "fire": 31,
    "speed_gold": 23648,
    "speed": 128,
    "bulletSpeed": 32.8,
    "hp": 240,
    "hp_gold": 23648,
    "score": 106167,
    "pic": "plane_03"
  },
  {
    "level": 30,
    "fire_gold": 79088,
    "fire": 32,
    "speed_gold": 26200,
    "speed": 129,
    "bulletSpeed": 32.9,
    "hp": 245,
    "hp_gold": 26200,
    "score": 116043,
    "pic": "plane_03"
  },
  {
    "level": 31,
    "fire_gold": 88287,
    "fire": 33,
    "speed_gold": 28930,
    "speed": 130,
    "bulletSpeed": 33,
    "hp": 250,
    "hp_gold": 28930,
    "score": 124730,
    "pic": "plane_04"
  },
  {
    "level": 32,
    "fire_gold": 98209,
    "fire": 34,
    "speed_gold": 31844,
    "speed": 131,
    "bulletSpeed": 33.1,
    "hp": 255,
    "hp_gold": 31844,
    "score": 134714,
    "pic": "plane_04"
  },
  {
    "level": 33,
    "fire_gold": 108887,
    "fire": 35,
    "speed_gold": 34948,
    "speed": 132,
    "bulletSpeed": 33.2,
    "hp": 260,
    "hp_gold": 34948,
    "score": 148250,
    "pic": "plane_04"
  },
  {
    "level": 34,
    "fire_gold": 120352,
    "fire": 36,
    "speed_gold": 38248,
    "speed": 133,
    "bulletSpeed": 33.3,
    "hp": 265,
    "hp_gold": 38248,
    "score": 162993,
    "pic": "plane_04"
  },
  {
    "level": 35,
    "fire_gold": 132636,
    "fire": 37,
    "speed_gold": 41750,
    "speed": 134,
    "bulletSpeed": 33.4,
    "hp": 270,
    "hp_gold": 41750,
    "score": 178989,
    "pic": "plane_04"
  },
  {
    "level": 36,
    "fire_gold": 145771,
    "fire": 38,
    "speed_gold": 45460,
    "speed": 135,
    "bulletSpeed": 33.5,
    "hp": 275,
    "hp_gold": 45460,
    "score": 193875,
    "pic": "plane_04"
  },
  {
    "level": 37,
    "fire_gold": 159791,
    "fire": 39,
    "speed_gold": 49384,
    "speed": 136,
    "bulletSpeed": 33.6000000000001,
    "hp": 280,
    "hp_gold": 49384,
    "score": 209690,
    "pic": "plane_04"
  },
  {
    "level": 38,
    "fire_gold": 174728,
    "fire": 40,
    "speed_gold": 53528,
    "speed": 137,
    "bulletSpeed": 33.7000000000001,
    "hp": 285,
    "hp_gold": 53528,
    "score": 227012,
    "pic": "plane_04"
  },
  {
    "level": 39,
    "fire_gold": 190616,
    "fire": 41,
    "speed_gold": 57898,
    "speed": 138,
    "bulletSpeed": 33.8000000000001,
    "hp": 290,
    "hp_gold": 57898,
    "score": 244554,
    "pic": "plane_04"
  },
  {
    "level": 40,
    "fire_gold": 207488,
    "fire": 42,
    "speed_gold": 62500,
    "speed": 139,
    "bulletSpeed": 33.9000000000001,
    "hp": 295,
    "hp_gold": 62500,
    "score": 262310,
    "pic": "plane_04"
  },
  {
    "level": 41,
    "fire_gold": 225378,
    "fire": 43,
    "speed_gold": 67340,
    "speed": 140,
    "bulletSpeed": 34.0000000000001,
    "hp": 300,
    "hp_gold": 67340,
    "score": 280564,
    "pic": "plane_05"
  },
  {
    "level": 42,
    "fire_gold": 244319,
    "fire": 44,
    "speed_gold": 72424,
    "speed": 141,
    "bulletSpeed": 34.1000000000001,
    "hp": 305,
    "hp_gold": 72424,
    "score": 299644,
    "pic": "plane_05"
  },
  {
    "level": 43,
    "fire_gold": 264347,
    "fire": 45,
    "speed_gold": 77758,
    "speed": 142,
    "bulletSpeed": 34.2000000000001,
    "hp": 310,
    "hp_gold": 77758,
    "score": 319846,
    "pic": "plane_05"
  },
  {
    "level": 44,
    "fire_gold": 285497,
    "fire": 46,
    "speed_gold": 83348,
    "speed": 143,
    "bulletSpeed": 34.3000000000001,
    "hp": 315,
    "hp_gold": 83348,
    "score": 340014,
    "pic": "plane_05"
  },
  {
    "level": 45,
    "fire_gold": 307802,
    "fire": 47,
    "speed_gold": 89200,
    "speed": 144,
    "bulletSpeed": 34.4000000000001,
    "hp": 320,
    "hp_gold": 89200,
    "score": 359251,
    "pic": "plane_05"
  },
  {
    "level": 46,
    "fire_gold": 331299,
    "fire": 48,
    "speed_gold": 95320,
    "speed": 145,
    "bulletSpeed": 34.5000000000001,
    "hp": 325,
    "hp_gold": 95320,
    "score": 379410,
    "pic": "plane_05"
  },
  {
    "level": 47,
    "fire_gold": 356022,
    "fire": 49,
    "speed_gold": 101714,
    "speed": 146,
    "bulletSpeed": 34.6000000000001,
    "hp": 330,
    "hp_gold": 101714,
    "score": 400544,
    "pic": "plane_05"
  },
  {
    "level": 48,
    "fire_gold": 382008,
    "fire": 50,
    "speed_gold": 108388,
    "speed": 147,
    "bulletSpeed": 34.7000000000001,
    "hp": 335,
    "hp_gold": 108388,
    "score": 423179,
    "pic": "plane_05"
  },
  {
    "level": 49,
    "fire_gold": 409292,
    "fire": 51,
    "speed_gold": 115348,
    "speed": 148,
    "bulletSpeed": 34.8000000000001,
    "hp": 340,
    "hp_gold": 115348,
    "score": 447935,
    "pic": "plane_05"
  },
  {
    "level": 50,
    "fire_gold": 437911,
    "fire": 52,
    "speed_gold": 122600,
    "speed": 149,
    "bulletSpeed": 34.9000000000001,
    "hp": 345,
    "hp_gold": 122600,
    "score": 470714,
    "pic": "plane_05"
  },
  {
    "level": 51,
    "fire_gold": 467901,
    "fire": 53,
    "speed_gold": 130150,
    "speed": 150,
    "bulletSpeed": 35.0000000000001,
    "hp": 350,
    "hp_gold": 130150,
    "score": 495143,
    "pic": "plane_06"
  },
  {
    "level": 52,
    "fire_gold": 499298,
    "fire": 54,
    "speed_gold": 138004,
    "speed": 151,
    "bulletSpeed": 35.1000000000001,
    "hp": 355,
    "hp_gold": 138004,
    "score": 521477,
    "pic": "plane_06"
  },
  {
    "level": 53,
    "fire_gold": 532141,
    "fire": 55,
    "speed_gold": 146168,
    "speed": 152,
    "bulletSpeed": 35.2000000000001,
    "hp": 360,
    "hp_gold": 146168,
    "score": 546623,
    "pic": "plane_06"
  },
  {
    "level": 54,
    "fire_gold": 566465,
    "fire": 56,
    "speed_gold": 154648,
    "speed": 153,
    "bulletSpeed": 35.3000000000001,
    "hp": 365,
    "hp_gold": 154648,
    "score": 567809,
    "pic": "plane_06"
  },
  {
    "level": 55,
    "fire_gold": 602308,
    "fire": 57,
    "speed_gold": 163450,
    "speed": 154,
    "bulletSpeed": 35.4000000000001,
    "hp": 370,
    "hp_gold": 163450,
    "score": 594440,
    "pic": "plane_06"
  },
  {
    "level": 56,
    "fire_gold": 639708,
    "fire": 58,
    "speed_gold": 172580,
    "speed": 155,
    "bulletSpeed": 35.5000000000001,
    "hp": 375,
    "hp_gold": 172580,
    "score": 619388,
    "pic": "plane_06"
  },
  {
    "level": 57,
    "fire_gold": 678703,
    "fire": 59,
    "speed_gold": 182044,
    "speed": 156,
    "bulletSpeed": 35.6000000000001,
    "hp": 380,
    "hp_gold": 182044,
    "score": 646415,
    "pic": "plane_06"
  },
  {
    "level": 58,
    "fire_gold": 719330,
    "fire": 60,
    "speed_gold": 191848,
    "speed": 157,
    "bulletSpeed": 35.7000000000001,
    "hp": 385,
    "hp_gold": 191848,
    "score": 671066,
    "pic": "plane_06"
  },
  {
    "level": 59,
    "fire_gold": 761628,
    "fire": 61,
    "speed_gold": 201998,
    "speed": 158,
    "bulletSpeed": 35.8000000000001,
    "hp": 390,
    "hp_gold": 201998,
    "score": 694529,
    "pic": "plane_06"
  },
  {
    "level": 60,
    "fire_gold": 805636,
    "fire": 62,
    "speed_gold": 212500,
    "speed": 159,
    "bulletSpeed": 35.9000000000001,
    "hp": 395,
    "hp_gold": 212500,
    "score": 718982,
    "pic": "plane_06"
  },
  {
    "level": 61,
    "fire_gold": 851392,
    "fire": 63,
    "speed_gold": 223360,
    "speed": 160,
    "bulletSpeed": 36.0000000000001,
    "hp": 400,
    "hp_gold": 223360,
    "score": 744425,
    "pic": "plane_07"
  },
  {
    "level": 62,
    "fire_gold": 898935,
    "fire": 64,
    "speed_gold": 234584,
    "speed": 161,
    "bulletSpeed": 36.1000000000001,
    "hp": 405,
    "hp_gold": 234584,
    "score": 768779,
    "pic": "plane_07"
  },
  {
    "level": 63,
    "fire_gold": 948305,
    "fire": 65,
    "speed_gold": 246178,
    "speed": 162,
    "bulletSpeed": 36.2000000000001,
    "hp": 410,
    "hp_gold": 246178,
    "score": 793133,
    "pic": "plane_07"
  },
  {
    "level": 64,
    "fire_gold": 999540,
    "fire": 66,
    "speed_gold": 258148,
    "speed": 163,
    "bulletSpeed": 36.3000000000001,
    "hp": 415,
    "hp_gold": 258148,
    "score": 817289,
    "pic": "plane_07"
  },
  {
    "level": 65,
    "fire_gold": 1052680,
    "fire": 67,
    "speed_gold": 270500,
    "speed": 164,
    "bulletSpeed": 36.4000000000001,
    "hp": 420,
    "hp_gold": 270500,
    "score": 840851,
    "pic": "plane_07"
  },
  {
    "level": 66,
    "fire_gold": 1107765,
    "fire": 68,
    "speed_gold": 283240,
    "speed": 165,
    "bulletSpeed": 36.5000000000001,
    "hp": 425,
    "hp_gold": 283240,
    "score": 864314,
    "pic": "plane_07"
  },
  {
    "level": 67,
    "fire_gold": 1164835,
    "fire": 69,
    "speed_gold": 296374,
    "speed": 166,
    "bulletSpeed": 36.6000000000001,
    "hp": 430,
    "hp_gold": 296374,
    "score": 888569,
    "pic": "plane_07"
  },
  {
    "level": 68,
    "fire_gold": 1223929,
    "fire": 70,
    "speed_gold": 309908,
    "speed": 167,
    "bulletSpeed": 36.7000000000001,
    "hp": 435,
    "hp_gold": 309908,
    "score": 915695,
    "pic": "plane_07"
  },
  {
    "level": 69,
    "fire_gold": 1285090,
    "fire": 71,
    "speed_gold": 323848,
    "speed": 168,
    "bulletSpeed": 36.8000000000001,
    "hp": 440,
    "hp_gold": 323848,
    "score": 941534,
    "pic": "plane_07"
  },
  {
    "level": 70,
    "fire_gold": 1348355,
    "fire": 72,
    "speed_gold": 338200,
    "speed": 169,
    "bulletSpeed": 36.9000000000001,
    "hp": 445,
    "hp_gold": 338200,
    "score": 965294,
    "pic": "plane_07"
  },
  {
    "level": 71,
    "fire_gold": 1413768,
    "fire": 73,
    "speed_gold": 352970,
    "speed": 170,
    "bulletSpeed": 37.0000000000001,
    "hp": 450,
    "hp_gold": 352970,
    "score": 991034,
    "pic": "plane_08"
  },
  {
    "level": 72,
    "fire_gold": 1481368,
    "fire": 74,
    "speed_gold": 368164,
    "speed": 171,
    "bulletSpeed": 37.1000000000001,
    "hp": 455,
    "hp_gold": 368164,
    "score": 1013111,
    "pic": "plane_08"
  },
  {
    "level": 73,
    "fire_gold": 1551197,
    "fire": 75,
    "speed_gold": 383788,
    "speed": 172,
    "bulletSpeed": 37.2000000000001,
    "hp": 460,
    "hp_gold": 383788,
    "score": 1040435,
    "pic": "plane_08"
  },
  {
    "level": 74,
    "fire_gold": 1623295,
    "fire": 76,
    "speed_gold": 399848,
    "speed": 173,
    "bulletSpeed": 37.3000000000001,
    "hp": 465,
    "hp_gold": 399848,
    "score": 1064987,
    "pic": "plane_08"
  },
  {
    "level": 75,
    "fire_gold": 1697705,
    "fire": 77,
    "speed_gold": 416350,
    "speed": 174,
    "bulletSpeed": 37.4000000000001,
    "hp": 470,
    "hp_gold": 416350,
    "score": 1092608,
    "pic": "plane_08"
  },
  {
    "level": 76,
    "fire_gold": 1774468,
    "fire": 78,
    "speed_gold": 433300,
    "speed": 175,
    "bulletSpeed": 37.5000000000001,
    "hp": 475,
    "hp_gold": 433300,
    "score": 1116368,
    "pic": "plane_08"
  },
  {
    "level": 77,
    "fire_gold": 1853626,
    "fire": 79,
    "speed_gold": 450704,
    "speed": 176,
    "bulletSpeed": 37.6000000000001,
    "hp": 480,
    "hp_gold": 450704,
    "score": 1137752,
    "pic": "plane_08"
  },
  {
    "level": 78,
    "fire_gold": 1935221,
    "fire": 80,
    "speed_gold": 468568,
    "speed": 177,
    "bulletSpeed": 37.7000000000001,
    "hp": 485,
    "hp_gold": 468568,
    "score": 1160522,
    "pic": "plane_08"
  },
  {
    "level": 79,
    "fire_gold": 2019295,
    "fire": 81,
    "speed_gold": 486898,
    "speed": 178,
    "bulletSpeed": 37.8000000000001,
    "hp": 490,
    "hp_gold": 486898,
    "score": 1186559,
    "pic": "plane_08"
  },
  {
    "level": 80,
    "fire_gold": 2105890,
    "fire": 82,
    "speed_gold": 505700,
    "speed": 179,
    "bulletSpeed": 37.9000000000001,
    "hp": 495,
    "hp_gold": 505700,
    "score": 1211012,
    "pic": "plane_08"
  },
  {
    "level": 81,
    "fire_gold": 2195050,
    "fire": 83,
    "speed_gold": 524980,
    "speed": 180,
    "bulletSpeed": 38.0000000000001,
    "hp": 500,
    "hp_gold": 524980,
    "score": 1232891,
    "pic": "plane_09"
  },
  {
    "level": 82,
    "fire_gold": 2286816,
    "fire": 84,
    "speed_gold": 544744,
    "speed": 181,
    "bulletSpeed": 38.1000000000001,
    "hp": 505,
    "hp_gold": 544744,
    "score": 1253780,
    "pic": "plane_09"
  },
  {
    "level": 83,
    "fire_gold": 2381232,
    "fire": 85,
    "speed_gold": 564998,
    "speed": 182,
    "bulletSpeed": 38.2000000000001,
    "hp": 510,
    "hp_gold": 564998,
    "score": 1276352,
    "pic": "plane_09"
  },
  {
    "level": 84,
    "fire_gold": 2478341,
    "fire": 86,
    "speed_gold": 585748,
    "speed": 183,
    "bulletSpeed": 38.3000000000001,
    "hp": 515,
    "hp_gold": 585748,
    "score": 1302686,
    "pic": "plane_09"
  },
  {
    "level": 85,
    "fire_gold": 2578186,
    "fire": 87,
    "speed_gold": 607000,
    "speed": 184,
    "bulletSpeed": 38.4000000000001,
    "hp": 520,
    "hp_gold": 607000,
    "score": 1330703,
    "pic": "plane_09"
  },
  {
    "level": 86,
    "fire_gold": 2680810,
    "fire": 88,
    "speed_gold": 628760,
    "speed": 185,
    "bulletSpeed": 38.5000000000001,
    "hp": 525,
    "hp_gold": 628760,
    "score": 1354265,
    "pic": "plane_09"
  },
  {
    "level": 87,
    "fire_gold": 2786257,
    "fire": 89,
    "speed_gold": 651034,
    "speed": 186,
    "bulletSpeed": 38.6000000000001,
    "hp": 530,
    "hp_gold": 651034,
    "score": 1376441,
    "pic": "plane_09"
  },
  {
    "level": 88,
    "fire_gold": 2894571,
    "fire": 90,
    "speed_gold": 673828,
    "speed": 187,
    "bulletSpeed": 38.7000000000001,
    "hp": 535,
    "hp_gold": 673828,
    "score": 1403765,
    "pic": "plane_09"
  },
  {
    "level": 89,
    "fire_gold": 3005796,
    "fire": 91,
    "speed_gold": 697148,
    "speed": 188,
    "bulletSpeed": 38.8000000000001,
    "hp": 540,
    "hp_gold": 697148,
    "score": 1429505,
    "pic": "plane_09"
  },
  {
    "level": 90,
    "fire_gold": 3119976,
    "fire": 92,
    "speed_gold": 721000,
    "speed": 189,
    "bulletSpeed": 38.9000000000001,
    "hp": 545,
    "hp_gold": 721000,
    "score": 1453067,
    "pic": "plane_09"
  },
  {
    "level": 91,
    "fire_gold": 3237154,
    "fire": 93,
    "speed_gold": 745390,
    "speed": 190,
    "bulletSpeed": 39.0000000000001,
    "hp": 550,
    "hp_gold": 745390,
    "score": 1476728,
    "pic": "plane_10"
  },
  {
    "level": 92,
    "fire_gold": 3357376,
    "fire": 94,
    "speed_gold": 770324,
    "speed": 191,
    "bulletSpeed": 39.1000000000001,
    "hp": 555,
    "hp_gold": 770324,
    "score": 1501577,
    "pic": "plane_10"
  },
  {
    "level": 93,
    "fire_gold": 3480686,
    "fire": 95,
    "speed_gold": 795808,
    "speed": 192,
    "bulletSpeed": 39.2000000000001,
    "hp": 560,
    "hp_gold": 795808,
    "score": 1526228,
    "pic": "plane_10"
  },
  {
    "level": 94,
    "fire_gold": 3607129,
    "fire": 96,
    "speed_gold": 821848,
    "speed": 193,
    "bulletSpeed": 39.3000000000001,
    "hp": 565,
    "hp_gold": 821848,
    "score": 1552958,
    "pic": "plane_10"
  },
  {
    "level": 95,
    "fire_gold": 3736749,
    "fire": 97,
    "speed_gold": 848450,
    "speed": 194,
    "bulletSpeed": 39.4000000000001,
    "hp": 570,
    "hp_gold": 848450,
    "score": 1578995,
    "pic": "plane_10"
  },
  {
    "level": 96,
    "fire_gold": 3869592,
    "fire": 98,
    "speed_gold": 875620,
    "speed": 195,
    "bulletSpeed": 39.5000000000001,
    "hp": 575,
    "hp_gold": 875620,
    "score": 1603349,
    "pic": "plane_10"
  },
  {
    "level": 97,
    "fire_gold": 4005702,
    "fire": 99,
    "speed_gold": 903364,
    "speed": 196,
    "bulletSpeed": 39.6000000000001,
    "hp": 580,
    "hp_gold": 903364,
    "score": 1626119,
    "pic": "plane_10"
  },
  {
    "level": 98,
    "fire_gold": 4145126,
    "fire": 100,
    "speed_gold": 931688,
    "speed": 197,
    "bulletSpeed": 39.7000000000001,
    "hp": 585,
    "hp_gold": 931688,
    "score": 1650671,
    "pic": "plane_10"
  },
  {
    "level": 99,
    "fire_gold": 4287908,
    "fire": 101,
    "speed_gold": 960598,
    "speed": 198,
    "bulletSpeed": 39.8000000000001,
    "hp": 590,
    "hp_gold": 960598,
    "score": 1671758,
    "pic": "plane_10"
  },
  {
    "level": 100,
    "fire_gold": -1,
    "fire": 102,
    "speed_gold": -1,
    "speed": 199,
    "bulletSpeed": 39.9000000000001,
    "hp": 595,
    "hp_gold": -1,
    "score": 1698092,
    "pic": "plane_10"
  }
]
}