{ 
"RECORDS": 
[
  {
    "id": 101,
    "name": "金币",
    "icon": "金币图标",
    "dec": "金币",
    "first": 1000,
    "time": 0,
    "num": 0,
    "limit": -1,
    "price": "-1",
    "etime": 0,
    "damage": "0",
    "value": 0
  },
  {
    "id": 102,
    "name": "钻石",
    "icon": "钻石图标",
    "dec": "钻石",
    "first": 20,
    "time": 0,
    "num": 0,
    "limit": -1,
    "price": "-1",
    "etime": 0,
    "damage": "0",
    "value": 0
  },
  {
    "id": 103,
    "name": "体力",
    "icon": "体力图标",
    "dec": "体力",
    "first": 50,
    "time": 360,
    "num": 1,
    "limit": 100,
    "price": "-1",
    "etime": 0,
    "damage": "0",
    "value": 0
  },
  {
    "id": 104,
    "name": "全屏炸弹",
    "icon": "zhadan",
    "dec": "对当前屏幕内的所有敌人造成伤害",
    "first": 0,
    "time": 0,
    "num": 0,
    "limit": -1,
    "price": "102|50",
    "etime": 0,
    "damage": "300|0.5",
    "value": 0
  },
  {
    "id": 105,
    "name": "防护罩",
    "icon": "hudun",
    "dec": "免疫受到的伤害，持续2秒",
    "first": 0,
    "time": 0,
    "num": 0,
    "limit": -1,
    "price": "102|50",
    "etime": 2,
    "damage": "0",
    "value": 0
  },
  {
    "id": 106,
    "name": "无限火力",
    "icon": "zhadan",
    "dec": "主武器的所有属性翻倍，持续2秒",
    "first": 0,
    "time": 0,
    "num": 0,
    "limit": -1,
    "price": "102|50",
    "etime": 2,
    "damage": "0",
    "value": 2
  }
]
}