{ 
"RECORDS": 
[
  {
    "level": 1,
    "fire_gold": 100,
    "fire": 3,
    "speed_gold": 100,
    "speed": 85,
    "bulletSpeed": 25,
    "hp": 41,
    "hp_gold": 100,
    "score": 15,
    "pic": "plane_01"
  },
  {
    "level": 2,
    "fire_gold": 150,
    "fire": 4,
    "speed_gold": 150,
    "speed": 86,
    "bulletSpeed": 25.1,
    "hp": 43,
    "hp_gold": 150,
    "score": 50,
    "pic": "plane_01"
  },
  {
    "level": 3,
    "fire_gold": 200,
    "fire": 5,
    "speed_gold": 200,
    "speed": 87,
    "bulletSpeed": 25.2,
    "hp": 45,
    "hp_gold": 200,
    "score": 100,
    "pic": "plane_01"
  },
  {
    "level": 4,
    "fire_gold": 400,
    "fire": 6,
    "speed_gold": 400,
    "speed": 88,
    "bulletSpeed": 25.3,
    "hp": 47,
    "hp_gold": 400,
    "score": 200,
    "pic": "plane_01"
  },
  {
    "level": 5,
    "fire_gold": 600,
    "fire": 7,
    "speed_gold": 600,
    "speed": 89,
    "bulletSpeed": 25.4,
    "hp": 49,
    "hp_gold": 600,
    "score": 350,
    "pic": "plane_01"
  },
  {
    "level": 6,
    "fire_gold": 800,
    "fire": 8,
    "speed_gold": 800,
    "speed": 90,
    "bulletSpeed": 25.5,
    "hp": 51,
    "hp_gold": 800,
    "score": 500,
    "pic": "plane_01"
  },
  {
    "level": 7,
    "fire_gold": 1000,
    "fire": 9,
    "speed_gold": 1000,
    "speed": 91,
    "bulletSpeed": 25.6,
    "hp": 53,
    "hp_gold": 1000,
    "score": 700,
    "pic": "plane_01"
  },
  {
    "level": 8,
    "fire_gold": 1500,
    "fire": 10,
    "speed_gold": 1500,
    "speed": 92,
    "bulletSpeed": 25.7,
    "hp": 55,
    "hp_gold": 1500,
    "score": 1000,
    "pic": "plane_01"
  },
  {
    "level": 9,
    "fire_gold": 2000,
    "fire": 11,
    "speed_gold": 2000,
    "speed": 93,
    "bulletSpeed": 25.8,
    "hp": 57,
    "hp_gold": 2000,
    "score": 1500,
    "pic": "plane_01"
  },
  {
    "level": 10,
    "fire_gold": 2500,
    "fire": 12,
    "speed_gold": 2500,
    "speed": 94,
    "bulletSpeed": 25.9,
    "hp": 59,
    "hp_gold": 2500,
    "score": 2000,
    "pic": "plane_01"
  },
  {
    "level": 11,
    "fire_gold": 3000,
    "fire": 13,
    "speed_gold": 3000,
    "speed": 95,
    "bulletSpeed": 26,
    "hp": 61,
    "hp_gold": 3000,
    "score": 3000,
    "pic": "plane_02"
  },
  {
    "level": 12,
    "fire_gold": 3657,
    "fire": 14,
    "speed_gold": 3500,
    "speed": 96,
    "bulletSpeed": 26.1,
    "hp": 63,
    "hp_gold": 3500,
    "score": 4000,
    "pic": "plane_02"
  },
  {
    "level": 13,
    "fire_gold": 4775,
    "fire": 15,
    "speed_gold": 4000,
    "speed": 97,
    "bulletSpeed": 26.2,
    "hp": 65,
    "hp_gold": 4000,
    "score": 5000,
    "pic": "plane_02"
  },
  {
    "level": 14,
    "fire_gold": 6117,
    "fire": 16,
    "speed_gold": 4500,
    "speed": 98,
    "bulletSpeed": 26.3,
    "hp": 67,
    "hp_gold": 4500,
    "score": 7000,
    "pic": "plane_02"
  },
  {
    "level": 15,
    "fire_gold": 7707,
    "fire": 17,
    "speed_gold": 5000,
    "speed": 99,
    "bulletSpeed": 26.4,
    "hp": 69,
    "hp_gold": 5000,
    "score": 10000,
    "pic": "plane_02"
  },
  {
    "level": 16,
    "fire_gold": 9570,
    "fire": 18,
    "speed_gold": 5500,
    "speed": 100,
    "bulletSpeed": 26.5,
    "hp": 71,
    "hp_gold": 5500,
    "score": 15000,
    "pic": "plane_02"
  },
  {
    "level": 17,
    "fire_gold": 11731,
    "fire": 19,
    "speed_gold": 6000,
    "speed": 101,
    "bulletSpeed": 26.6,
    "hp": 73,
    "hp_gold": 6000,
    "score": 20000,
    "pic": "plane_02"
  },
  {
    "level": 18,
    "fire_gold": 14215,
    "fire": 20,
    "speed_gold": 6500,
    "speed": 102,
    "bulletSpeed": 26.7,
    "hp": 75,
    "hp_gold": 6500,
    "score": 25000,
    "pic": "plane_02"
  },
  {
    "level": 19,
    "fire_gold": 17048,
    "fire": 21,
    "speed_gold": 7000,
    "speed": 103,
    "bulletSpeed": 26.8,
    "hp": 77,
    "hp_gold": 7000,
    "score": 30000,
    "pic": "plane_02"
  },
  {
    "level": 20,
    "fire_gold": 20256,
    "fire": 22,
    "speed_gold": 7700,
    "speed": 104,
    "bulletSpeed": 26.9,
    "hp": 79,
    "hp_gold": 7700,
    "score": 35000,
    "pic": "plane_02"
  },
  {
    "level": 21,
    "fire_gold": 23866,
    "fire": 23,
    "speed_gold": 8920,
    "speed": 105,
    "bulletSpeed": 27,
    "hp": 81,
    "hp_gold": 8920,
    "score": 40000,
    "pic": "plane_03"
  },
  {
    "level": 22,
    "fire_gold": 27905,
    "fire": 24,
    "speed_gold": 10264,
    "speed": 106,
    "bulletSpeed": 27.1,
    "hp": 83,
    "hp_gold": 10264,
    "score": 49196,
    "pic": "plane_03"
  },
  {
    "level": 23,
    "fire_gold": 32402,
    "fire": 25,
    "speed_gold": 11738,
    "speed": 107,
    "bulletSpeed": 27.2,
    "hp": 85,
    "hp_gold": 11738,
    "score": 56159,
    "pic": "plane_03"
  },
  {
    "level": 24,
    "fire_gold": 37384,
    "fire": 26,
    "speed_gold": 13348,
    "speed": 108,
    "bulletSpeed": 27.3,
    "hp": 87,
    "hp_gold": 13348,
    "score": 62415,
    "pic": "plane_03"
  },
  {
    "level": 25,
    "fire_gold": 42879,
    "fire": 27,
    "speed_gold": 15100,
    "speed": 109,
    "bulletSpeed": 27.4,
    "hp": 89,
    "hp_gold": 15100,
    "score": 70028,
    "pic": "plane_03"
  },
  {
    "level": 26,
    "fire_gold": 48917,
    "fire": 28,
    "speed_gold": 17000,
    "speed": 110,
    "bulletSpeed": 27.5,
    "hp": 91,
    "hp_gold": 17000,
    "score": 78594,
    "pic": "plane_03"
  },
  {
    "level": 27,
    "fire_gold": 55527,
    "fire": 29,
    "speed_gold": 19054,
    "speed": 111,
    "bulletSpeed": 27.6,
    "hp": 93,
    "hp_gold": 19054,
    "score": 88078,
    "pic": "plane_03"
  },
  {
    "level": 28,
    "fire_gold": 62739,
    "fire": 30,
    "speed_gold": 21268,
    "speed": 112,
    "bulletSpeed": 27.7,
    "hp": 95,
    "hp_gold": 21268,
    "score": 96367,
    "pic": "plane_03"
  },
  {
    "level": 29,
    "fire_gold": 70583,
    "fire": 31,
    "speed_gold": 23648,
    "speed": 113,
    "bulletSpeed": 27.8,
    "hp": 97,
    "hp_gold": 23648,
    "score": 106167,
    "pic": "plane_03"
  },
  {
    "level": 30,
    "fire_gold": 79088,
    "fire": 32,
    "speed_gold": 26200,
    "speed": 114,
    "bulletSpeed": 27.9,
    "hp": 99,
    "hp_gold": 26200,
    "score": 116043,
    "pic": "plane_03"
  },
  {
    "level": 31,
    "fire_gold": 88287,
    "fire": 33,
    "speed_gold": 28930,
    "speed": 115,
    "bulletSpeed": 28,
    "hp": 101,
    "hp_gold": 28930,
    "score": 124730,
    "pic": "plane_03"
  },
  {
    "level": 32,
    "fire_gold": 98209,
    "fire": 34,
    "speed_gold": 31844,
    "speed": 116,
    "bulletSpeed": 28.1,
    "hp": 103,
    "hp_gold": 31844,
    "score": 134714,
    "pic": "plane_03"
  },
  {
    "level": 33,
    "fire_gold": 108887,
    "fire": 35,
    "speed_gold": 34948,
    "speed": 117,
    "bulletSpeed": 28.2,
    "hp": 105,
    "hp_gold": 34948,
    "score": 148250,
    "pic": "plane_03"
  },
  {
    "level": 34,
    "fire_gold": 120352,
    "fire": 36,
    "speed_gold": 38248,
    "speed": 118,
    "bulletSpeed": 28.3,
    "hp": 107,
    "hp_gold": 38248,
    "score": 162993,
    "pic": "plane_03"
  },
  {
    "level": 35,
    "fire_gold": 132636,
    "fire": 37,
    "speed_gold": 41750,
    "speed": 119,
    "bulletSpeed": 28.4,
    "hp": 109,
    "hp_gold": 41750,
    "score": 178989,
    "pic": "plane_03"
  },
  {
    "level": 36,
    "fire_gold": 145771,
    "fire": 38,
    "speed_gold": 45460,
    "speed": 120,
    "bulletSpeed": 28.5,
    "hp": 111,
    "hp_gold": 45460,
    "score": 193875,
    "pic": "plane_03"
  },
  {
    "level": 37,
    "fire_gold": 159791,
    "fire": 39,
    "speed_gold": 49384,
    "speed": 121,
    "bulletSpeed": 28.6000000000001,
    "hp": 113,
    "hp_gold": 49384,
    "score": 209690,
    "pic": "plane_03"
  },
  {
    "level": 38,
    "fire_gold": 174728,
    "fire": 40,
    "speed_gold": 53528,
    "speed": 122,
    "bulletSpeed": 28.7000000000001,
    "hp": 115,
    "hp_gold": 53528,
    "score": 227012,
    "pic": "plane_03"
  },
  {
    "level": 39,
    "fire_gold": 190616,
    "fire": 41,
    "speed_gold": 57898,
    "speed": 123,
    "bulletSpeed": 28.8000000000001,
    "hp": 117,
    "hp_gold": 57898,
    "score": 244554,
    "pic": "plane_03"
  },
  {
    "level": 40,
    "fire_gold": 207488,
    "fire": 42,
    "speed_gold": 62500,
    "speed": 124,
    "bulletSpeed": 28.9000000000001,
    "hp": 119,
    "hp_gold": 62500,
    "score": 262310,
    "pic": "plane_03"
  },
  {
    "level": 41,
    "fire_gold": 225378,
    "fire": 43,
    "speed_gold": 67340,
    "speed": 125,
    "bulletSpeed": 29.0000000000001,
    "hp": 121,
    "hp_gold": 67340,
    "score": 280564,
    "pic": "plane_03"
  },
  {
    "level": 42,
    "fire_gold": 244319,
    "fire": 44,
    "speed_gold": 72424,
    "speed": 126,
    "bulletSpeed": 29.1000000000001,
    "hp": 123,
    "hp_gold": 72424,
    "score": 299644,
    "pic": "plane_03"
  },
  {
    "level": 43,
    "fire_gold": 264347,
    "fire": 45,
    "speed_gold": 77758,
    "speed": 127,
    "bulletSpeed": 29.2000000000001,
    "hp": 125,
    "hp_gold": 77758,
    "score": 319846,
    "pic": "plane_03"
  },
  {
    "level": 44,
    "fire_gold": 285497,
    "fire": 46,
    "speed_gold": 83348,
    "speed": 128,
    "bulletSpeed": 29.3000000000001,
    "hp": 127,
    "hp_gold": 83348,
    "score": 340014,
    "pic": "plane_03"
  },
  {
    "level": 45,
    "fire_gold": 307802,
    "fire": 47,
    "speed_gold": 89200,
    "speed": 129,
    "bulletSpeed": 29.4000000000001,
    "hp": 129,
    "hp_gold": 89200,
    "score": 359251,
    "pic": "plane_03"
  },
  {
    "level": 46,
    "fire_gold": 331299,
    "fire": 48,
    "speed_gold": 95320,
    "speed": 130,
    "bulletSpeed": 29.5000000000001,
    "hp": 131,
    "hp_gold": 95320,
    "score": 379410,
    "pic": "plane_03"
  },
  {
    "level": 47,
    "fire_gold": 356022,
    "fire": 49,
    "speed_gold": 101714,
    "speed": 131,
    "bulletSpeed": 29.6000000000001,
    "hp": 133,
    "hp_gold": 101714,
    "score": 400544,
    "pic": "plane_03"
  },
  {
    "level": 48,
    "fire_gold": 382008,
    "fire": 50,
    "speed_gold": 108388,
    "speed": 132,
    "bulletSpeed": 29.7000000000001,
    "hp": 135,
    "hp_gold": 108388,
    "score": 423179,
    "pic": "plane_03"
  },
  {
    "level": 49,
    "fire_gold": 409292,
    "fire": 51,
    "speed_gold": 115348,
    "speed": 133,
    "bulletSpeed": 29.8000000000001,
    "hp": 137,
    "hp_gold": 115348,
    "score": 447935,
    "pic": "plane_03"
  },
  {
    "level": 50,
    "fire_gold": 437911,
    "fire": 52,
    "speed_gold": 122600,
    "speed": 134,
    "bulletSpeed": 29.9000000000001,
    "hp": 139,
    "hp_gold": 122600,
    "score": 470714,
    "pic": "plane_03"
  },
  {
    "level": 51,
    "fire_gold": 467901,
    "fire": 53,
    "speed_gold": 130150,
    "speed": 135,
    "bulletSpeed": 30.0000000000001,
    "hp": 141,
    "hp_gold": 130150,
    "score": 495143,
    "pic": "plane_03"
  },
  {
    "level": 52,
    "fire_gold": 499298,
    "fire": 54,
    "speed_gold": 138004,
    "speed": 136,
    "bulletSpeed": 30.1000000000001,
    "hp": 143,
    "hp_gold": 138004,
    "score": 521477,
    "pic": "plane_03"
  },
  {
    "level": 53,
    "fire_gold": 532141,
    "fire": 55,
    "speed_gold": 146168,
    "speed": 137,
    "bulletSpeed": 30.2000000000001,
    "hp": 145,
    "hp_gold": 146168,
    "score": 546623,
    "pic": "plane_03"
  },
  {
    "level": 54,
    "fire_gold": 566465,
    "fire": 56,
    "speed_gold": 154648,
    "speed": 138,
    "bulletSpeed": 30.3000000000001,
    "hp": 147,
    "hp_gold": 154648,
    "score": 567809,
    "pic": "plane_03"
  },
  {
    "level": 55,
    "fire_gold": 602308,
    "fire": 57,
    "speed_gold": 163450,
    "speed": 139,
    "bulletSpeed": 30.4000000000001,
    "hp": 149,
    "hp_gold": 163450,
    "score": 594440,
    "pic": "plane_03"
  },
  {
    "level": 56,
    "fire_gold": 639708,
    "fire": 58,
    "speed_gold": 172580,
    "speed": 140,
    "bulletSpeed": 30.5000000000001,
    "hp": 151,
    "hp_gold": 172580,
    "score": 619388,
    "pic": "plane_03"
  },
  {
    "level": 57,
    "fire_gold": 678703,
    "fire": 59,
    "speed_gold": 182044,
    "speed": 141,
    "bulletSpeed": 30.6000000000001,
    "hp": 153,
    "hp_gold": 182044,
    "score": 646415,
    "pic": "plane_03"
  },
  {
    "level": 58,
    "fire_gold": 719330,
    "fire": 60,
    "speed_gold": 191848,
    "speed": 142,
    "bulletSpeed": 30.7000000000001,
    "hp": 155,
    "hp_gold": 191848,
    "score": 671066,
    "pic": "plane_03"
  },
  {
    "level": 59,
    "fire_gold": 761628,
    "fire": 61,
    "speed_gold": 201998,
    "speed": 143,
    "bulletSpeed": 30.8000000000001,
    "hp": 157,
    "hp_gold": 201998,
    "score": 694529,
    "pic": "plane_03"
  },
  {
    "level": 60,
    "fire_gold": 805636,
    "fire": 62,
    "speed_gold": 212500,
    "speed": 144,
    "bulletSpeed": 30.9000000000001,
    "hp": 159,
    "hp_gold": 212500,
    "score": 718982,
    "pic": "plane_03"
  },
  {
    "level": 61,
    "fire_gold": 851392,
    "fire": 63,
    "speed_gold": 223360,
    "speed": 145,
    "bulletSpeed": 31.0000000000001,
    "hp": 161,
    "hp_gold": 223360,
    "score": 744425,
    "pic": "plane_03"
  },
  {
    "level": 62,
    "fire_gold": 898935,
    "fire": 64,
    "speed_gold": 234584,
    "speed": 146,
    "bulletSpeed": 31.1000000000001,
    "hp": 163,
    "hp_gold": 234584,
    "score": 768779,
    "pic": "plane_03"
  },
  {
    "level": 63,
    "fire_gold": 948305,
    "fire": 65,
    "speed_gold": 246178,
    "speed": 147,
    "bulletSpeed": 31.2000000000001,
    "hp": 165,
    "hp_gold": 246178,
    "score": 793133,
    "pic": "plane_03"
  },
  {
    "level": 64,
    "fire_gold": 999540,
    "fire": 66,
    "speed_gold": 258148,
    "speed": 148,
    "bulletSpeed": 31.3000000000001,
    "hp": 167,
    "hp_gold": 258148,
    "score": 817289,
    "pic": "plane_03"
  },
  {
    "level": 65,
    "fire_gold": 1052680,
    "fire": 67,
    "speed_gold": 270500,
    "speed": 149,
    "bulletSpeed": 31.4000000000001,
    "hp": 169,
    "hp_gold": 270500,
    "score": 840851,
    "pic": "plane_03"
  },
  {
    "level": 66,
    "fire_gold": 1107765,
    "fire": 68,
    "speed_gold": 283240,
    "speed": 150,
    "bulletSpeed": 31.5000000000001,
    "hp": 171,
    "hp_gold": 283240,
    "score": 864314,
    "pic": "plane_03"
  },
  {
    "level": 67,
    "fire_gold": 1164835,
    "fire": 69,
    "speed_gold": 296374,
    "speed": 151,
    "bulletSpeed": 31.6000000000001,
    "hp": 173,
    "hp_gold": 296374,
    "score": 888569,
    "pic": "plane_03"
  },
  {
    "level": 68,
    "fire_gold": 1223929,
    "fire": 70,
    "speed_gold": 309908,
    "speed": 152,
    "bulletSpeed": 31.7000000000001,
    "hp": 175,
    "hp_gold": 309908,
    "score": 915695,
    "pic": "plane_03"
  },
  {
    "level": 69,
    "fire_gold": 1285090,
    "fire": 71,
    "speed_gold": 323848,
    "speed": 153,
    "bulletSpeed": 31.8000000000001,
    "hp": 177,
    "hp_gold": 323848,
    "score": 941534,
    "pic": "plane_03"
  },
  {
    "level": 70,
    "fire_gold": 1348355,
    "fire": 72,
    "speed_gold": 338200,
    "speed": 154,
    "bulletSpeed": 31.9000000000001,
    "hp": 179,
    "hp_gold": 338200,
    "score": 965294,
    "pic": "plane_03"
  },
  {
    "level": 71,
    "fire_gold": 1413768,
    "fire": 73,
    "speed_gold": 352970,
    "speed": 155,
    "bulletSpeed": 32.0000000000001,
    "hp": 181,
    "hp_gold": 352970,
    "score": 991034,
    "pic": "plane_03"
  },
  {
    "level": 72,
    "fire_gold": 1481368,
    "fire": 74,
    "speed_gold": 368164,
    "speed": 156,
    "bulletSpeed": 32.1000000000001,
    "hp": 183,
    "hp_gold": 368164,
    "score": 1013111,
    "pic": "plane_03"
  },
  {
    "level": 73,
    "fire_gold": 1551197,
    "fire": 75,
    "speed_gold": 383788,
    "speed": 157,
    "bulletSpeed": 32.2000000000001,
    "hp": 185,
    "hp_gold": 383788,
    "score": 1040435,
    "pic": "plane_03"
  },
  {
    "level": 74,
    "fire_gold": 1623295,
    "fire": 76,
    "speed_gold": 399848,
    "speed": 158,
    "bulletSpeed": 32.3000000000001,
    "hp": 187,
    "hp_gold": 399848,
    "score": 1064987,
    "pic": "plane_03"
  },
  {
    "level": 75,
    "fire_gold": 1697705,
    "fire": 77,
    "speed_gold": 416350,
    "speed": 159,
    "bulletSpeed": 32.4000000000001,
    "hp": 189,
    "hp_gold": 416350,
    "score": 1092608,
    "pic": "plane_03"
  },
  {
    "level": 76,
    "fire_gold": 1774468,
    "fire": 78,
    "speed_gold": 433300,
    "speed": 160,
    "bulletSpeed": 32.5000000000001,
    "hp": 191,
    "hp_gold": 433300,
    "score": 1116368,
    "pic": "plane_03"
  },
  {
    "level": 77,
    "fire_gold": 1853626,
    "fire": 79,
    "speed_gold": 450704,
    "speed": 161,
    "bulletSpeed": 32.6000000000001,
    "hp": 193,
    "hp_gold": 450704,
    "score": 1137752,
    "pic": "plane_03"
  },
  {
    "level": 78,
    "fire_gold": 1935221,
    "fire": 80,
    "speed_gold": 468568,
    "speed": 162,
    "bulletSpeed": 32.7000000000001,
    "hp": 195,
    "hp_gold": 468568,
    "score": 1160522,
    "pic": "plane_03"
  },
  {
    "level": 79,
    "fire_gold": 2019295,
    "fire": 81,
    "speed_gold": 486898,
    "speed": 163,
    "bulletSpeed": 32.8000000000001,
    "hp": 197,
    "hp_gold": 486898,
    "score": 1186559,
    "pic": "plane_03"
  },
  {
    "level": 80,
    "fire_gold": 2105890,
    "fire": 82,
    "speed_gold": 505700,
    "speed": 164,
    "bulletSpeed": 32.9000000000001,
    "hp": 199,
    "hp_gold": 505700,
    "score": 1211012,
    "pic": "plane_03"
  },
  {
    "level": 81,
    "fire_gold": 2195050,
    "fire": 83,
    "speed_gold": 524980,
    "speed": 165,
    "bulletSpeed": 33.0000000000001,
    "hp": 201,
    "hp_gold": 524980,
    "score": 1232891,
    "pic": "plane_03"
  },
  {
    "level": 82,
    "fire_gold": 2286816,
    "fire": 84,
    "speed_gold": 544744,
    "speed": 166,
    "bulletSpeed": 33.1000000000001,
    "hp": 203,
    "hp_gold": 544744,
    "score": 1253780,
    "pic": "plane_03"
  },
  {
    "level": 83,
    "fire_gold": 2381232,
    "fire": 85,
    "speed_gold": 564998,
    "speed": 167,
    "bulletSpeed": 33.2000000000001,
    "hp": 205,
    "hp_gold": 564998,
    "score": 1276352,
    "pic": "plane_03"
  },
  {
    "level": 84,
    "fire_gold": 2478341,
    "fire": 86,
    "speed_gold": 585748,
    "speed": 168,
    "bulletSpeed": 33.3000000000001,
    "hp": 207,
    "hp_gold": 585748,
    "score": 1302686,
    "pic": "plane_03"
  },
  {
    "level": 85,
    "fire_gold": 2578186,
    "fire": 87,
    "speed_gold": 607000,
    "speed": 169,
    "bulletSpeed": 33.4000000000001,
    "hp": 209,
    "hp_gold": 607000,
    "score": 1330703,
    "pic": "plane_03"
  },
  {
    "level": 86,
    "fire_gold": 2680810,
    "fire": 88,
    "speed_gold": 628760,
    "speed": 170,
    "bulletSpeed": 33.5000000000001,
    "hp": 211,
    "hp_gold": 628760,
    "score": 1354265,
    "pic": "plane_03"
  },
  {
    "level": 87,
    "fire_gold": 2786257,
    "fire": 89,
    "speed_gold": 651034,
    "speed": 171,
    "bulletSpeed": 33.6000000000001,
    "hp": 213,
    "hp_gold": 651034,
    "score": 1376441,
    "pic": "plane_03"
  },
  {
    "level": 88,
    "fire_gold": 2894571,
    "fire": 90,
    "speed_gold": 673828,
    "speed": 172,
    "bulletSpeed": 33.7000000000001,
    "hp": 215,
    "hp_gold": 673828,
    "score": 1403765,
    "pic": "plane_03"
  },
  {
    "level": 89,
    "fire_gold": 3005796,
    "fire": 91,
    "speed_gold": 697148,
    "speed": 173,
    "bulletSpeed": 33.8000000000001,
    "hp": 217,
    "hp_gold": 697148,
    "score": 1429505,
    "pic": "plane_03"
  },
  {
    "level": 90,
    "fire_gold": 3119976,
    "fire": 92,
    "speed_gold": 721000,
    "speed": 174,
    "bulletSpeed": 33.9000000000001,
    "hp": 219,
    "hp_gold": 721000,
    "score": 1453067,
    "pic": "plane_03"
  },
  {
    "level": 91,
    "fire_gold": 3237154,
    "fire": 93,
    "speed_gold": 745390,
    "speed": 175,
    "bulletSpeed": 34.0000000000001,
    "hp": 221,
    "hp_gold": 745390,
    "score": 1476728,
    "pic": "plane_03"
  },
  {
    "level": 92,
    "fire_gold": 3357376,
    "fire": 94,
    "speed_gold": 770324,
    "speed": 176,
    "bulletSpeed": 34.1000000000001,
    "hp": 223,
    "hp_gold": 770324,
    "score": 1501577,
    "pic": "plane_03"
  },
  {
    "level": 93,
    "fire_gold": 3480686,
    "fire": 95,
    "speed_gold": 795808,
    "speed": 177,
    "bulletSpeed": 34.2000000000001,
    "hp": 225,
    "hp_gold": 795808,
    "score": 1526228,
    "pic": "plane_03"
  },
  {
    "level": 94,
    "fire_gold": 3607129,
    "fire": 96,
    "speed_gold": 821848,
    "speed": 178,
    "bulletSpeed": 34.3000000000001,
    "hp": 227,
    "hp_gold": 821848,
    "score": 1552958,
    "pic": "plane_03"
  },
  {
    "level": 95,
    "fire_gold": 3736749,
    "fire": 97,
    "speed_gold": 848450,
    "speed": 179,
    "bulletSpeed": 34.4000000000001,
    "hp": 229,
    "hp_gold": 848450,
    "score": 1578995,
    "pic": "plane_03"
  },
  {
    "level": 96,
    "fire_gold": 3869592,
    "fire": 98,
    "speed_gold": 875620,
    "speed": 180,
    "bulletSpeed": 34.5000000000001,
    "hp": 231,
    "hp_gold": 875620,
    "score": 1603349,
    "pic": "plane_03"
  },
  {
    "level": 97,
    "fire_gold": 4005702,
    "fire": 99,
    "speed_gold": 903364,
    "speed": 181,
    "bulletSpeed": 34.6000000000001,
    "hp": 233,
    "hp_gold": 903364,
    "score": 1626119,
    "pic": "plane_03"
  },
  {
    "level": 98,
    "fire_gold": 4145126,
    "fire": 100,
    "speed_gold": 931688,
    "speed": 182,
    "bulletSpeed": 34.7000000000001,
    "hp": 235,
    "hp_gold": 931688,
    "score": 1650671,
    "pic": "plane_03"
  },
  {
    "level": 99,
    "fire_gold": 4287908,
    "fire": 101,
    "speed_gold": 960598,
    "speed": 183,
    "bulletSpeed": 34.8000000000001,
    "hp": 237,
    "hp_gold": 960598,
    "score": 1671758,
    "pic": "plane_03"
  },
  {
    "level": 100,
    "fire_gold": -1,
    "fire": 102,
    "speed_gold": -1,
    "speed": 184,
    "bulletSpeed": 34.9000000000001,
    "hp": 239,
    "hp_gold": -1,
    "score": 1698092,
    "pic": "plane_03"
  }
]
}