{ 
"RECORDS": 
[
  {
    "id": 1,
    "type": 1,
    "value": 1,
    "dec": "成功挑战第 1 关",
    "diamond": 5
  },
  {
    "id": 2,
    "type": 1,
    "value": 5,
    "dec": "成功挑战第 5 关",
    "diamond": 10
  },
  {
    "id": 3,
    "type": 1,
    "value": 10,
    "dec": "成功挑战第 10 关",
    "diamond": 20
  },
  {
    "id": 4,
    "type": 1,
    "value": 15,
    "dec": "成功挑战第 15 关",
    "diamond": 30
  },
  {
    "id": 5,
    "type": 1,
    "value": 20,
    "dec": "成功挑战第 20 关",
    "diamond": 40
  },
  {
    "id": 6,
    "type": 1,
    "value": 25,
    "dec": "成功挑战第 25 关",
    "diamond": 50
  },
  {
    "id": 7,
    "type": 1,
    "value": 30,
    "dec": "成功挑战第 30 关",
    "diamond": 60
  },
  {
    "id": 8,
    "type": 1,
    "value": 35,
    "dec": "成功挑战第 35 关",
    "diamond": 70
  },
  {
    "id": 9,
    "type": 1,
    "value": 40,
    "dec": "成功挑战第 40 关",
    "diamond": 80
  },
  {
    "id": 10,
    "type": 1,
    "value": 45,
    "dec": "成功挑战第 45 关",
    "diamond": 90
  },
  {
    "id": 11,
    "type": 1,
    "value": 50,
    "dec": "成功挑战第 50 关",
    "diamond": 100
  },
  {
    "id": 12,
    "type": 1,
    "value": 55,
    "dec": "成功挑战第 55 关",
    "diamond": 120
  },
  {
    "id": 13,
    "type": 1,
    "value": 60,
    "dec": "成功挑战第 60 关",
    "diamond": 150
  },
  {
    "id": 14,
    "type": 2,
    "value": 50,
    "dec": "累计击杀 50 个怪物",
    "diamond": 5
  },
  {
    "id": 15,
    "type": 2,
    "value": 100,
    "dec": "累计击杀 100 个怪物",
    "diamond": 10
  },
  {
    "id": 16,
    "type": 2,
    "value": 200,
    "dec": "累计击杀 200 个怪物",
    "diamond": 15
  },
  {
    "id": 17,
    "type": 2,
    "value": 300,
    "dec": "累计击杀 300 个怪物",
    "diamond": 20
  },
  {
    "id": 18,
    "type": 2,
    "value": 500,
    "dec": "累计击杀 500 个怪物",
    "diamond": 25
  },
  {
    "id": 19,
    "type": 2,
    "value": 700,
    "dec": "累计击杀 700 个怪物",
    "diamond": 30
  },
  {
    "id": 20,
    "type": 2,
    "value": 1000,
    "dec": "累计击杀 1000 个怪物",
    "diamond": 35
  },
  {
    "id": 21,
    "type": 2,
    "value": 1500,
    "dec": "累计击杀 1500 个怪物",
    "diamond": 40
  },
  {
    "id": 22,
    "type": 2,
    "value": 2000,
    "dec": "累计击杀 2000 个怪物",
    "diamond": 45
  },
  {
    "id": 23,
    "type": 2,
    "value": 2500,
    "dec": "累计击杀 2500 个怪物",
    "diamond": 50
  },
  {
    "id": 24,
    "type": 2,
    "value": 3000,
    "dec": "累计击杀 3000 个怪物",
    "diamond": 55
  },
  {
    "id": 25,
    "type": 2,
    "value": 3500,
    "dec": "累计击杀 3500 个怪物",
    "diamond": 60
  },
  {
    "id": 26,
    "type": 2,
    "value": 4000,
    "dec": "累计击杀 4000 个怪物",
    "diamond": 65
  },
  {
    "id": 27,
    "type": 2,
    "value": 4500,
    "dec": "累计击杀 4500 个怪物",
    "diamond": 70
  },
  {
    "id": 28,
    "type": 2,
    "value": 5000,
    "dec": "累计击杀 5000 个怪物",
    "diamond": 75
  },
  {
    "id": 29,
    "type": 2,
    "value": 6000,
    "dec": "累计击杀 6000 个怪物",
    "diamond": 80
  },
  {
    "id": 30,
    "type": 2,
    "value": 7000,
    "dec": "累计击杀 7000 个怪物",
    "diamond": 85
  },
  {
    "id": 31,
    "type": 2,
    "value": 8000,
    "dec": "累计击杀 8000 个怪物",
    "diamond": 90
  },
  {
    "id": 32,
    "type": 2,
    "value": 9000,
    "dec": "累计击杀 9000 个怪物",
    "diamond": 95
  },
  {
    "id": 33,
    "type": 2,
    "value": 10000,
    "dec": "累计击杀 10000 个怪物",
    "diamond": 100
  },
  {
    "id": 34,
    "type": 2,
    "value": 12000,
    "dec": "累计击杀 12000 个怪物",
    "diamond": 105
  },
  {
    "id": 35,
    "type": 2,
    "value": 14000,
    "dec": "累计击杀 14000 个怪物",
    "diamond": 110
  },
  {
    "id": 36,
    "type": 2,
    "value": 16000,
    "dec": "累计击杀 16000 个怪物",
    "diamond": 115
  },
  {
    "id": 37,
    "type": 2,
    "value": 18000,
    "dec": "累计击杀 18000 个怪物",
    "diamond": 120
  },
  {
    "id": 38,
    "type": 2,
    "value": 20000,
    "dec": "累计击杀 20000 个怪物",
    "diamond": 125
  },
  {
    "id": 39,
    "type": 2,
    "value": 23000,
    "dec": "累计击杀 23000 个怪物",
    "diamond": 130
  },
  {
    "id": 40,
    "type": 2,
    "value": 26000,
    "dec": "累计击杀 26000 个怪物",
    "diamond": 135
  },
  {
    "id": 41,
    "type": 2,
    "value": 30000,
    "dec": "累计击杀 30000 个怪物",
    "diamond": 140
  },
  {
    "id": 42,
    "type": 2,
    "value": 35000,
    "dec": "累计击杀 35000 个怪物",
    "diamond": 145
  },
  {
    "id": 43,
    "type": 2,
    "value": 40000,
    "dec": "累计击杀 40000 个怪物",
    "diamond": 150
  },
  {
    "id": 44,
    "type": 2,
    "value": 45000,
    "dec": "累计击杀 45000 个怪物",
    "diamond": 155
  },
  {
    "id": 45,
    "type": 2,
    "value": 50000,
    "dec": "累计击杀 50000 个怪物",
    "diamond": 160
  },
  {
    "id": 46,
    "type": 3,
    "value": 100,
    "dec": "无尽模式达到 100 分",
    "diamond": 2
  },
  {
    "id": 47,
    "type": 3,
    "value": 500,
    "dec": "无尽模式达到 500 分",
    "diamond": 4
  },
  {
    "id": 48,
    "type": 3,
    "value": 1000,
    "dec": "无尽模式达到 1000 分",
    "diamond": 6
  },
  {
    "id": 49,
    "type": 3,
    "value": 2000,
    "dec": "无尽模式达到 2000 分",
    "diamond": 8
  },
  {
    "id": 50,
    "type": 3,
    "value": 4000,
    "dec": "无尽模式达到 4000 分",
    "diamond": 10
  },
  {
    "id": 51,
    "type": 3,
    "value": 6000,
    "dec": "无尽模式达到 6000 分",
    "diamond": 12
  },
  {
    "id": 52,
    "type": 3,
    "value": 8000,
    "dec": "无尽模式达到 8000 分",
    "diamond": 14
  },
  {
    "id": 53,
    "type": 3,
    "value": 10000,
    "dec": "无尽模式达到 10000 分",
    "diamond": 16
  },
  {
    "id": 54,
    "type": 3,
    "value": 15000,
    "dec": "无尽模式达到 15000 分",
    "diamond": 18
  },
  {
    "id": 55,
    "type": 3,
    "value": 20000,
    "dec": "无尽模式达到 20000 分",
    "diamond": 20
  },
  {
    "id": 56,
    "type": 3,
    "value": 25000,
    "dec": "无尽模式达到 25000 分",
    "diamond": 23
  },
  {
    "id": 57,
    "type": 3,
    "value": 30000,
    "dec": "无尽模式达到 30000 分",
    "diamond": 26
  },
  {
    "id": 58,
    "type": 3,
    "value": 35000,
    "dec": "无尽模式达到 35000 分",
    "diamond": 29
  },
  {
    "id": 59,
    "type": 3,
    "value": 40000,
    "dec": "无尽模式达到 40000 分",
    "diamond": 32
  },
  {
    "id": 60,
    "type": 3,
    "value": 45000,
    "dec": "无尽模式达到 45000 分",
    "diamond": 35
  },
  {
    "id": 61,
    "type": 3,
    "value": 50000,
    "dec": "无尽模式达到 50000 分",
    "diamond": 38
  },
  {
    "id": 62,
    "type": 3,
    "value": 60000,
    "dec": "无尽模式达到 60000 分",
    "diamond": 41
  },
  {
    "id": 63,
    "type": 3,
    "value": 70000,
    "dec": "无尽模式达到 70000 分",
    "diamond": 44
  },
  {
    "id": 64,
    "type": 3,
    "value": 80000,
    "dec": "无尽模式达到 80000 分",
    "diamond": 47
  },
  {
    "id": 65,
    "type": 3,
    "value": 90000,
    "dec": "无尽模式达到 90000 分",
    "diamond": 50
  },
  {
    "id": 66,
    "type": 3,
    "value": 100000,
    "dec": "无尽模式达到 100000 分",
    "diamond": 55
  },
  {
    "id": 67,
    "type": 3,
    "value": 120000,
    "dec": "无尽模式达到 120000 分",
    "diamond": 60
  },
  {
    "id": 68,
    "type": 3,
    "value": 140000,
    "dec": "无尽模式达到 140000 分",
    "diamond": 65
  },
  {
    "id": 69,
    "type": 3,
    "value": 160000,
    "dec": "无尽模式达到 160000 分",
    "diamond": 70
  },
  {
    "id": 70,
    "type": 3,
    "value": 180000,
    "dec": "无尽模式达到 180000 分",
    "diamond": 75
  },
  {
    "id": 71,
    "type": 3,
    "value": 200000,
    "dec": "无尽模式达到 200000 分",
    "diamond": 80
  },
  {
    "id": 72,
    "type": 3,
    "value": 230000,
    "dec": "无尽模式达到 230000 分",
    "diamond": 85
  },
  {
    "id": 73,
    "type": 3,
    "value": 260000,
    "dec": "无尽模式达到 260000 分",
    "diamond": 90
  },
  {
    "id": 74,
    "type": 3,
    "value": 300000,
    "dec": "无尽模式达到 300000 分",
    "diamond": 95
  },
  {
    "id": 75,
    "type": 3,
    "value": 350000,
    "dec": "无尽模式达到 350000 分",
    "diamond": 100
  },
  {
    "id": 76,
    "type": 3,
    "value": 400000,
    "dec": "无尽模式达到 400000 分",
    "diamond": 105
  },
  {
    "id": 77,
    "type": 3,
    "value": 450000,
    "dec": "无尽模式达到 450000 分",
    "diamond": 110
  },
  {
    "id": 78,
    "type": 3,
    "value": 500000,
    "dec": "无尽模式达到 500000 分",
    "diamond": 115
  },
  {
    "id": 79,
    "type": 3,
    "value": 550000,
    "dec": "无尽模式达到 550000 分",
    "diamond": 120
  },
  {
    "id": 80,
    "type": 3,
    "value": 600000,
    "dec": "无尽模式达到 600000 分",
    "diamond": 125
  },
  {
    "id": 81,
    "type": 3,
    "value": 650000,
    "dec": "无尽模式达到 650000 分",
    "diamond": 130
  },
  {
    "id": 82,
    "type": 3,
    "value": 700000,
    "dec": "无尽模式达到 700000 分",
    "diamond": 135
  },
  {
    "id": 83,
    "type": 3,
    "value": 750000,
    "dec": "无尽模式达到 750000 分",
    "diamond": 140
  },
  {
    "id": 84,
    "type": 3,
    "value": 800000,
    "dec": "无尽模式达到 800000 分",
    "diamond": 145
  },
  {
    "id": 85,
    "type": 3,
    "value": 850000,
    "dec": "无尽模式达到 850000 分",
    "diamond": 150
  },
  {
    "id": 86,
    "type": 3,
    "value": 900000,
    "dec": "无尽模式达到 900000 分",
    "diamond": 155
  },
  {
    "id": 87,
    "type": 3,
    "value": 950000,
    "dec": "无尽模式达到 950000 分",
    "diamond": 160
  },
  {
    "id": 88,
    "type": 3,
    "value": 1000000,
    "dec": "无尽模式达到 1000000 分",
    "diamond": 165
  },
  {
    "id": 89,
    "type": 3,
    "value": 1100000,
    "dec": "无尽模式达到 1100000 分",
    "diamond": 170
  },
  {
    "id": 90,
    "type": 3,
    "value": 1200000,
    "dec": "无尽模式达到 1200000 分",
    "diamond": 175
  },
  {
    "id": 91,
    "type": 3,
    "value": 1300000,
    "dec": "无尽模式达到 1300000 分",
    "diamond": 180
  },
  {
    "id": 92,
    "type": 3,
    "value": 1400000,
    "dec": "无尽模式达到 1400000 分",
    "diamond": 185
  },
  {
    "id": 93,
    "type": 3,
    "value": 1500000,
    "dec": "无尽模式达到 1500000 分",
    "diamond": 190
  },
  {
    "id": 94,
    "type": 3,
    "value": 1600000,
    "dec": "无尽模式达到 1600000 分",
    "diamond": 195
  },
  {
    "id": 95,
    "type": 3,
    "value": 1700000,
    "dec": "无尽模式达到 1700000 分",
    "diamond": 200
  },
  {
    "id": 96,
    "type": 3,
    "value": 1800000,
    "dec": "无尽模式达到 1800000 分",
    "diamond": 205
  },
  {
    "id": 97,
    "type": 3,
    "value": 1900000,
    "dec": "无尽模式达到 1900000 分",
    "diamond": 210
  },
  {
    "id": 98,
    "type": 3,
    "value": 2000000,
    "dec": "无尽模式达到 2000000 分",
    "diamond": 215
  },
  {
    "id": 99,
    "type": 3,
    "value": 2200000,
    "dec": "无尽模式达到 2200000 分",
    "diamond": 220
  },
  {
    "id": 100,
    "type": 3,
    "value": 2400000,
    "dec": "无尽模式达到 2400000 分",
    "diamond": 225
  },
  {
    "id": 101,
    "type": 3,
    "value": 2600000,
    "dec": "无尽模式达到 2600000 分",
    "diamond": 230
  },
  {
    "id": 102,
    "type": 3,
    "value": 2800000,
    "dec": "无尽模式达到 2800000 分",
    "diamond": 235
  },
  {
    "id": 103,
    "type": 3,
    "value": 3000000,
    "dec": "无尽模式达到 3000000 分",
    "diamond": 240
  },
  {
    "id": 104,
    "type": 3,
    "value": 3300000,
    "dec": "无尽模式达到 3300000 分",
    "diamond": 245
  },
  {
    "id": 105,
    "type": 3,
    "value": 3600000,
    "dec": "无尽模式达到 3600000 分",
    "diamond": 250
  },
  {
    "id": 106,
    "type": 3,
    "value": 4000000,
    "dec": "无尽模式达到 4000000 分",
    "diamond": 255
  },
  {
    "id": 107,
    "type": 3,
    "value": 4500000,
    "dec": "无尽模式达到 4500000 分",
    "diamond": 260
  },
  {
    "id": 108,
    "type": 3,
    "value": 5000000,
    "dec": "无尽模式达到 5000000 分",
    "diamond": 265
  },
  {
    "id": 109,
    "type": 4,
    "value": 2,
    "dec": "解锁 2 个副武器",
    "diamond": 5
  },
  {
    "id": 110,
    "type": 4,
    "value": 4,
    "dec": "解锁 4 个副武器",
    "diamond": 10
  },
  {
    "id": 111,
    "type": 4,
    "value": 6,
    "dec": "解锁 6 个副武器",
    "diamond": 20
  },
  {
    "id": 112,
    "type": 4,
    "value": 8,
    "dec": "解锁 8 个副武器",
    "diamond": 30
  },
  {
    "id": 113,
    "type": 4,
    "value": 10,
    "dec": "解锁 10 个副武器",
    "diamond": 50
  }
]
}