{ 
"RECORDS": 
[
  {
    "id": 301,
    "name": "普通弹幕",
    "icon": "炮弹弹幕",
    "type": 1,
    "value": "6",
    "speed": "1",
    "time": 10,
    "time_lost": 5,
    "bullet": "普通子弹",
    "icon_buff": "炮弹弹幕"
  },
  {
    "id": 311,
    "name": "射速弹幕LV1",
    "icon": "炮弹加速",
    "type": 2,
    "value": "1.2",
    "speed": "1",
    "time": 10,
    "time_lost": 5,
    "bullet": "射速倍率",
    "icon_buff": "炮弹加速"
  },
  {
    "id": 312,
    "name": "射速弹幕LV2",
    "icon": "炮弹加速",
    "type": 2,
    "value": "1.5",
    "speed": "1",
    "time": 10,
    "time_lost": 5,
    "bullet": "射速倍率",
    "icon_buff": "炮弹加速"
  },
  {
    "id": 321,
    "name": "火力弹幕LV1",
    "icon": "炮弹威力",
    "type": 3,
    "value": "1.2#1.44#1.6",
    "speed": "0.74#1.27#5",
    "time": 10,
    "time_lost": 5,
    "bullet": "火力倍率",
    "icon_buff": "炮弹增强"
  },
  {
    "id": 322,
    "name": "火力弹幕LV2",
    "icon": "炮弹威力",
    "type": 3,
    "value": "1.2#1.44#1.6",
    "speed": "0.74#1.27#5",
    "time": 10,
    "time_lost": 5,
    "bullet": "火力倍率",
    "icon_buff": "炮弹增强"
  },
  {
    "id": 331,
    "name": "金币弹幕",
    "icon": "金币状态",
    "type": 4,
    "value": "1.2",
    "speed": "1",
    "time": 10,
    "time_lost": 5,
    "bullet": "金币加成",
    "icon_buff": "金币"
  },
  {
    "id": 341,
    "name": "加血LV1",
    "icon": "血量增加",
    "type": 5,
    "value": "5",
    "speed": "0",
    "time": 0,
    "time_lost": 5,
    "bullet": "金币加成",
    "icon_buff": "血量增加"
  },
  {
    "id": 342,
    "name": "加血LV2",
    "icon": "血量增加",
    "type": 5,
    "value": "10",
    "speed": "0",
    "time": 0,
    "time_lost": 5,
    "bullet": "金币加成",
    "icon_buff": "血量增加"
  },
  {
    "id": 343,
    "name": "加血LV3",
    "icon": "血量增加",
    "type": 5,
    "value": "15",
    "speed": "0",
    "time": 0,
    "time_lost": 5,
    "bullet": "金币加成",
    "icon_buff": "血量增加"
  },
  {
    "id": 344,
    "name": "加血LV4",
    "icon": "血量增加",
    "type": 5,
    "value": "20",
    "speed": "0",
    "time": 0,
    "time_lost": 5,
    "bullet": "金币加成",
    "icon_buff": "血量增加"
  },
  {
    "id": 345,
    "name": "加血LV5",
    "icon": "血量增加",
    "type": 5,
    "value": "25",
    "speed": "0",
    "time": 0,
    "time_lost": 5,
    "bullet": "金币加成",
    "icon_buff": "血量增加"
  },
  {
    "id": 346,
    "name": "加血LV6",
    "icon": "血量增加",
    "type": 5,
    "value": "30",
    "speed": "0",
    "time": 0,
    "time_lost": 5,
    "bullet": "金币加成",
    "icon_buff": "血量增加"
  },
  {
    "id": 347,
    "name": "加血LV7",
    "icon": "血量增加",
    "type": 5,
    "value": "35",
    "speed": "0",
    "time": 0,
    "time_lost": 5,
    "bullet": "金币加成",
    "icon_buff": "血量增加"
  },
  {
    "id": 348,
    "name": "加血LV8",
    "icon": "血量增加",
    "type": 5,
    "value": "40",
    "speed": "0",
    "time": 0,
    "time_lost": 5,
    "bullet": "金币加成",
    "icon_buff": "血量增加"
  },
  {
    "id": 349,
    "name": "加血LV9",
    "icon": "血量增加",
    "type": 5,
    "value": "45",
    "speed": "0",
    "time": 0,
    "time_lost": 5,
    "bullet": "金币加成",
    "icon_buff": "血量增加"
  },
  {
    "id": 350,
    "name": "加血LV10",
    "icon": "血量增加",
    "type": 5,
    "value": "50",
    "speed": "0",
    "time": 0,
    "time_lost": 5,
    "bullet": "金币加成",
    "icon_buff": "血量增加"
  },
  {
    "id": 351,
    "name": "加血LV11",
    "icon": "血量增加",
    "type": 5,
    "value": "55",
    "speed": "0",
    "time": 0,
    "time_lost": 5,
    "bullet": "金币加成",
    "icon_buff": "血量增加"
  },
  {
    "id": 352,
    "name": "加血LV12",
    "icon": "血量增加",
    "type": 5,
    "value": "60",
    "speed": "0",
    "time": 0,
    "time_lost": 5,
    "bullet": "金币加成",
    "icon_buff": "血量增加"
  },
  {
    "id": 353,
    "name": "加血LV13",
    "icon": "血量增加",
    "type": 5,
    "value": "65",
    "speed": "0",
    "time": 0,
    "time_lost": 5,
    "bullet": "金币加成",
    "icon_buff": "血量增加"
  },
  {
    "id": 354,
    "name": "加血LV14",
    "icon": "血量增加",
    "type": 5,
    "value": "70",
    "speed": "0",
    "time": 0,
    "time_lost": 5,
    "bullet": "金币加成",
    "icon_buff": "血量增加"
  },
  {
    "id": 355,
    "name": "加血LV15",
    "icon": "血量增加",
    "type": 5,
    "value": "75",
    "speed": "0",
    "time": 0,
    "time_lost": 5,
    "bullet": "金币加成",
    "icon_buff": "血量增加"
  },
  {
    "id": 356,
    "name": "加血LV16",
    "icon": "血量增加",
    "type": 5,
    "value": "80",
    "speed": "0",
    "time": 0,
    "time_lost": 5,
    "bullet": "金币加成",
    "icon_buff": "血量增加"
  },
  {
    "id": 357,
    "name": "加血LV17",
    "icon": "血量增加",
    "type": 5,
    "value": "85",
    "speed": "0",
    "time": 0,
    "time_lost": 5,
    "bullet": "金币加成",
    "icon_buff": "血量增加"
  },
  {
    "id": 358,
    "name": "加血LV18",
    "icon": "血量增加",
    "type": 5,
    "value": "90",
    "speed": "0",
    "time": 0,
    "time_lost": 5,
    "bullet": "金币加成",
    "icon_buff": "血量增加"
  },
  {
    "id": 359,
    "name": "加血LV19",
    "icon": "血量增加",
    "type": 5,
    "value": "100",
    "speed": "0",
    "time": 0,
    "time_lost": 5,
    "bullet": "金币加成",
    "icon_buff": "血量增加"
  }
]
}