{ 
"RECORDS": 
[
  {
    "id": 1,
    "score": 100,
    "gold": 100
  },
  {
    "id": 2,
    "score": 500,
    "gold": 500
  },
  {
    "id": 3,
    "score": 2000,
    "gold": 2000
  },
  {
    "id": 4,
    "score": 5000,
    "gold": 5000
  },
  {
    "id": 5,
    "score": 10000,
    "gold": 10000
  },
  {
    "id": 6,
    "score": 15000,
    "gold": 15000
  },
  {
    "id": 7,
    "score": 20000,
    "gold": 20000
  },
  {
    "id": 8,
    "score": 25000,
    "gold": 25000
  },
  {
    "id": 9,
    "score": 30000,
    "gold": 30000
  },
  {
    "id": 10,
    "score": 35000,
    "gold": 35000
  },
  {
    "id": 11,
    "score": 40000,
    "gold": 40000
  },
  {
    "id": 12,
    "score": 45000,
    "gold": 45000
  },
  {
    "id": 13,
    "score": 50000,
    "gold": 50000
  },
  {
    "id": 14,
    "score": 55000,
    "gold": 55000
  },
  {
    "id": 15,
    "score": 60000,
    "gold": 60000
  },
  {
    "id": 16,
    "score": 65000,
    "gold": 65000
  },
  {
    "id": 17,
    "score": 70000,
    "gold": 70000
  },
  {
    "id": 18,
    "score": 75000,
    "gold": 75000
  },
  {
    "id": 19,
    "score": 80000,
    "gold": 80000
  },
  {
    "id": 20,
    "score": 85000,
    "gold": 85000
  },
  {
    "id": 21,
    "score": 90000,
    "gold": 90000
  },
  {
    "id": 22,
    "score": 95000,
    "gold": 95000
  },
  {
    "id": 23,
    "score": 100000,
    "gold": 100000
  },
  {
    "id": 24,
    "score": 110000,
    "gold": 110000
  },
  {
    "id": 25,
    "score": 120000,
    "gold": 120000
  },
  {
    "id": 26,
    "score": 130000,
    "gold": 130000
  },
  {
    "id": 27,
    "score": 140000,
    "gold": 140000
  },
  {
    "id": 28,
    "score": 150000,
    "gold": 150000
  },
  {
    "id": 29,
    "score": 160000,
    "gold": 160000
  },
  {
    "id": 30,
    "score": 170000,
    "gold": 170000
  },
  {
    "id": 31,
    "score": 180000,
    "gold": 180000
  },
  {
    "id": 32,
    "score": 190000,
    "gold": 190000
  },
  {
    "id": 33,
    "score": 200000,
    "gold": 200000
  },
  {
    "id": 34,
    "score": 210000,
    "gold": 210000
  },
  {
    "id": 35,
    "score": 220000,
    "gold": 220000
  },
  {
    "id": 36,
    "score": 230000,
    "gold": 230000
  },
  {
    "id": 37,
    "score": 240000,
    "gold": 240000
  },
  {
    "id": 38,
    "score": 250000,
    "gold": 250000
  },
  {
    "id": 39,
    "score": 260000,
    "gold": 260000
  },
  {
    "id": 40,
    "score": 270000,
    "gold": 270000
  },
  {
    "id": 41,
    "score": 280000,
    "gold": 280000
  },
  {
    "id": 42,
    "score": 290000,
    "gold": 290000
  },
  {
    "id": 43,
    "score": 300000,
    "gold": 300000
  },
  {
    "id": 44,
    "score": 310000,
    "gold": 310000
  },
  {
    "id": 45,
    "score": 320000,
    "gold": 320000
  },
  {
    "id": 46,
    "score": 330000,
    "gold": 330000
  },
  {
    "id": 47,
    "score": 340000,
    "gold": 340000
  },
  {
    "id": 48,
    "score": 350000,
    "gold": 350000
  },
  {
    "id": 49,
    "score": 360000,
    "gold": 360000
  },
  {
    "id": 50,
    "score": 370000,
    "gold": 370000
  },
  {
    "id": 51,
    "score": 380000,
    "gold": 380000
  },
  {
    "id": 52,
    "score": 390000,
    "gold": 390000
  },
  {
    "id": 53,
    "score": 400000,
    "gold": 400000
  },
  {
    "id": 54,
    "score": 410000,
    "gold": 410000
  },
  {
    "id": 55,
    "score": 420000,
    "gold": 420000
  },
  {
    "id": 56,
    "score": 430000,
    "gold": 430000
  },
  {
    "id": 57,
    "score": 440000,
    "gold": 440000
  },
  {
    "id": 58,
    "score": 450000,
    "gold": 450000
  },
  {
    "id": 59,
    "score": 460000,
    "gold": 460000
  },
  {
    "id": 60,
    "score": 470000,
    "gold": 470000
  },
  {
    "id": 61,
    "score": 480000,
    "gold": 480000
  },
  {
    "id": 62,
    "score": 490000,
    "gold": 490000
  },
  {
    "id": 63,
    "score": 500000,
    "gold": 500000
  },
  {
    "id": 64,
    "score": 510000,
    "gold": 510000
  },
  {
    "id": 65,
    "score": 520000,
    "gold": 520000
  },
  {
    "id": 66,
    "score": 530000,
    "gold": 530000
  },
  {
    "id": 67,
    "score": 540000,
    "gold": 540000
  },
  {
    "id": 68,
    "score": 550000,
    "gold": 550000
  },
  {
    "id": 69,
    "score": 560000,
    "gold": 560000
  },
  {
    "id": 70,
    "score": 570000,
    "gold": 570000
  },
  {
    "id": 71,
    "score": 580000,
    "gold": 580000
  },
  {
    "id": 72,
    "score": 590000,
    "gold": 590000
  },
  {
    "id": 73,
    "score": 600000,
    "gold": 600000
  },
  {
    "id": 74,
    "score": 610000,
    "gold": 610000
  },
  {
    "id": 75,
    "score": 620000,
    "gold": 620000
  },
  {
    "id": 76,
    "score": 630000,
    "gold": 630000
  },
  {
    "id": 77,
    "score": 640000,
    "gold": 640000
  },
  {
    "id": 78,
    "score": 650000,
    "gold": 650000
  },
  {
    "id": 79,
    "score": 660000,
    "gold": 660000
  },
  {
    "id": 80,
    "score": 670000,
    "gold": 670000
  },
  {
    "id": 81,
    "score": 680000,
    "gold": 680000
  },
  {
    "id": 82,
    "score": 690000,
    "gold": 690000
  },
  {
    "id": 83,
    "score": 700000,
    "gold": 700000
  },
  {
    "id": 84,
    "score": 710000,
    "gold": 710000
  },
  {
    "id": 85,
    "score": 720000,
    "gold": 720000
  },
  {
    "id": 86,
    "score": 730000,
    "gold": 730000
  },
  {
    "id": 87,
    "score": 740000,
    "gold": 740000
  },
  {
    "id": 88,
    "score": 750000,
    "gold": 750000
  },
  {
    "id": 89,
    "score": 760000,
    "gold": 760000
  },
  {
    "id": 90,
    "score": 770000,
    "gold": 770000
  },
  {
    "id": 91,
    "score": 780000,
    "gold": 780000
  },
  {
    "id": 92,
    "score": 790000,
    "gold": 790000
  },
  {
    "id": 93,
    "score": 800000,
    "gold": 800000
  },
  {
    "id": 94,
    "score": 810000,
    "gold": 810000
  },
  {
    "id": 95,
    "score": 820000,
    "gold": 820000
  },
  {
    "id": 96,
    "score": 830000,
    "gold": 830000
  },
  {
    "id": 97,
    "score": 840000,
    "gold": 840000
  },
  {
    "id": 98,
    "score": 850000,
    "gold": 850000
  },
  {
    "id": 99,
    "score": 860000,
    "gold": 860000
  },
  {
    "id": 100,
    "score": 870000,
    "gold": 870000
  },
  {
    "id": 101,
    "score": 880000,
    "gold": 880000
  },
  {
    "id": 102,
    "score": 890000,
    "gold": 890000
  },
  {
    "id": 103,
    "score": 900000,
    "gold": 900000
  },
  {
    "id": 104,
    "score": 910000,
    "gold": 910000
  },
  {
    "id": 105,
    "score": 920000,
    "gold": 920000
  },
  {
    "id": 106,
    "score": 930000,
    "gold": 930000
  },
  {
    "id": 107,
    "score": 940000,
    "gold": 940000
  },
  {
    "id": 108,
    "score": 950000,
    "gold": 950000
  },
  {
    "id": 109,
    "score": 960000,
    "gold": 960000
  },
  {
    "id": 110,
    "score": 970000,
    "gold": 970000
  },
  {
    "id": 111,
    "score": 980000,
    "gold": 980000
  },
  {
    "id": 112,
    "score": 990000,
    "gold": 990000
  },
  {
    "id": 113,
    "score": 1000000,
    "gold": 1000000
  },
  {
    "id": 114,
    "score": 1100000,
    "gold": 1100000
  },
  {
    "id": 115,
    "score": 1200000,
    "gold": 1200000
  },
  {
    "id": 116,
    "score": 1300000,
    "gold": 1300000
  },
  {
    "id": 117,
    "score": 1400000,
    "gold": 1400000
  },
  {
    "id": 118,
    "score": 1500000,
    "gold": 1500000
  },
  {
    "id": 119,
    "score": 1600000,
    "gold": 1600000
  },
  {
    "id": 120,
    "score": 1700000,
    "gold": 1700000
  },
  {
    "id": 121,
    "score": 1800000,
    "gold": 1800000
  },
  {
    "id": 122,
    "score": 1900000,
    "gold": 1900000
  },
  {
    "id": 123,
    "score": 2000000,
    "gold": 2000000
  },
  {
    "id": 124,
    "score": 2100000,
    "gold": 2100000
  },
  {
    "id": 125,
    "score": 2200000,
    "gold": 2200000
  },
  {
    "id": 126,
    "score": 2300000,
    "gold": 2300000
  },
  {
    "id": 127,
    "score": 2400000,
    "gold": 2400000
  },
  {
    "id": 128,
    "score": 2500000,
    "gold": 2500000
  },
  {
    "id": 129,
    "score": 2600000,
    "gold": 2600000
  },
  {
    "id": 130,
    "score": 2700000,
    "gold": 2700000
  },
  {
    "id": 131,
    "score": 2800000,
    "gold": 2800000
  },
  {
    "id": 132,
    "score": 2900000,
    "gold": 2900000
  },
  {
    "id": 133,
    "score": 3000000,
    "gold": 3000000
  },
  {
    "id": 134,
    "score": 3100000,
    "gold": 3100000
  },
  {
    "id": 135,
    "score": 3200000,
    "gold": 3200000
  },
  {
    "id": 136,
    "score": 3300000,
    "gold": 3300000
  },
  {
    "id": 137,
    "score": 3400000,
    "gold": 3400000
  },
  {
    "id": 138,
    "score": 3500000,
    "gold": 3500000
  },
  {
    "id": 139,
    "score": 3600000,
    "gold": 3600000
  },
  {
    "id": 140,
    "score": 3700000,
    "gold": 3700000
  },
  {
    "id": 141,
    "score": 3800000,
    "gold": 3800000
  },
  {
    "id": 142,
    "score": 3900000,
    "gold": 3900000
  },
  {
    "id": 143,
    "score": 4000000,
    "gold": 4000000
  },
  {
    "id": 144,
    "score": 4100000,
    "gold": 4100000
  },
  {
    "id": 145,
    "score": 4200000,
    "gold": 4200000
  },
  {
    "id": 146,
    "score": 4300000,
    "gold": 4300000
  },
  {
    "id": 147,
    "score": 4400000,
    "gold": 4400000
  },
  {
    "id": 148,
    "score": 4500000,
    "gold": 4500000
  },
  {
    "id": 149,
    "score": 4600000,
    "gold": 4600000
  },
  {
    "id": 150,
    "score": 4700000,
    "gold": 4700000
  },
  {
    "id": 151,
    "score": 4800000,
    "gold": 4800000
  },
  {
    "id": 152,
    "score": 4900000,
    "gold": 4900000
  },
  {
    "id": 153,
    "score": 5000000,
    "gold": 5000000
  },
  {
    "id": 154,
    "score": 5500000,
    "gold": 5500000
  },
  {
    "id": 155,
    "score": 6000000,
    "gold": 6000000
  },
  {
    "id": 156,
    "score": 6500000,
    "gold": 6500000
  },
  {
    "id": 157,
    "score": 7000000,
    "gold": 7000000
  },
  {
    "id": 158,
    "score": 7500000,
    "gold": 7500000
  },
  {
    "id": 159,
    "score": 8000000,
    "gold": 8000000
  },
  {
    "id": 160,
    "score": 8500000,
    "gold": 8500000
  },
  {
    "id": 161,
    "score": 9000000,
    "gold": 9000000
  },
  {
    "id": 162,
    "score": 9500000,
    "gold": 9500000
  },
  {
    "id": 163,
    "score": 10000000,
    "gold": 10000000
  },
  {
    "id": 164,
    "score": 10500000,
    "gold": 10500000
  },
  {
    "id": 165,
    "score": 11000000,
    "gold": 11000000
  },
  {
    "id": 166,
    "score": 11500000,
    "gold": 11500000
  },
  {
    "id": 167,
    "score": 12000000,
    "gold": 12000000
  },
  {
    "id": 168,
    "score": 12500000,
    "gold": 12500000
  },
  {
    "id": 169,
    "score": 13000000,
    "gold": 13000000
  },
  {
    "id": 170,
    "score": 13500000,
    "gold": 13500000
  },
  {
    "id": 171,
    "score": 14000000,
    "gold": 14000000
  },
  {
    "id": 172,
    "score": 14500000,
    "gold": 14500000
  },
  {
    "id": 173,
    "score": 15000000,
    "gold": 15000000
  },
  {
    "id": 174,
    "score": 15500000,
    "gold": 15500000
  },
  {
    "id": 175,
    "score": 16000000,
    "gold": 16000000
  },
  {
    "id": 176,
    "score": 16500000,
    "gold": 16500000
  },
  {
    "id": 177,
    "score": 17000000,
    "gold": 17000000
  },
  {
    "id": 178,
    "score": 17500000,
    "gold": 17500000
  },
  {
    "id": 179,
    "score": 18000000,
    "gold": 18000000
  },
  {
    "id": 180,
    "score": 18500000,
    "gold": 18500000
  },
  {
    "id": 181,
    "score": 19000000,
    "gold": 19000000
  },
  {
    "id": 182,
    "score": 19500000,
    "gold": 19500000
  },
  {
    "id": 183,
    "score": 20000000,
    "gold": 20000000
  },
  {
    "id": 184,
    "score": 20500000,
    "gold": 20500000
  },
  {
    "id": 185,
    "score": 21000000,
    "gold": 21000000
  },
  {
    "id": 186,
    "score": 21500000,
    "gold": 21500000
  },
  {
    "id": 187,
    "score": 22000000,
    "gold": 22000000
  },
  {
    "id": 188,
    "score": 22500000,
    "gold": 22500000
  },
  {
    "id": 189,
    "score": 23000000,
    "gold": 23000000
  },
  {
    "id": 190,
    "score": 23500000,
    "gold": 23500000
  },
  {
    "id": 191,
    "score": 24000000,
    "gold": 24000000
  },
  {
    "id": 192,
    "score": 24500000,
    "gold": 24500000
  },
  {
    "id": 193,
    "score": 25000000,
    "gold": 25000000
  },
  {
    "id": 194,
    "score": 25500000,
    "gold": 25500000
  },
  {
    "id": 195,
    "score": 26000000,
    "gold": 26000000
  },
  {
    "id": 196,
    "score": 26500000,
    "gold": 26500000
  },
  {
    "id": 197,
    "score": 27000000,
    "gold": 27000000
  },
  {
    "id": 198,
    "score": 27500000,
    "gold": 27500000
  },
  {
    "id": 199,
    "score": 28000000,
    "gold": 28000000
  },
  {
    "id": 200,
    "score": 28500000,
    "gold": 28500000
  },
  {
    "id": 201,
    "score": 29000000,
    "gold": 29000000
  },
  {
    "id": 202,
    "score": 29500000,
    "gold": 29500000
  },
  {
    "id": 203,
    "score": 30000000,
    "gold": 30000000
  }
]
}