{ 
"RECORDS": 
[
  {
    "id": 201,
    "pic": "splane_02",
    "fly": "plane_02",
    "name": "冰霜脉冲炮",
    "dec": "副武器击中怪物时，一定几率降低怪物的下落速度",
    "unlock": "1|12",
    "type": "3|50|2|0.1|33|1",
    "power": "5|1",
    "fire": "5|1",
    "fire_cost": "100|1|3.9",
    "speed": "1|1|1.6|0.02",
    "speed_cost": "100|1|4",
    "bulletSpeed": "20|0",
    "bullet": "bingshuanpao"
  },
  {
    "id": 202,
    "pic": "splane_03",
    "fly": "plane_03",
    "name": "激光炮",
    "dec": "副武器会发射一束激光来打击怪物",
    "unlock": "1|0",
    "type": "4|20|2",
    "power": "5|1",
    "fire": "5|1",
    "fire_cost": "100|1|3.9",
    "speed": "1|1|2|0.02",
    "speed_cost": "100|1|4",
    "bulletSpeed": "25|0",
    "bullet": "jiguangpao"
  },
  {
    "id": 203,
    "pic": "splane_01",
    "fly": "plane_01",
    "name": "悬浮炮",
    "dec": "副武器击中怪物时，一定几率使怪物漂浮一段时间",
    "unlock": "1|24",
    "type": "5|2|0.1|33|1",
    "power": "5|1",
    "fire": "5|1",
    "fire_cost": "100|1|3.9",
    "speed": "1|1|2.5|0.02",
    "speed_cost": "100|1|4",
    "bulletSpeed": "15|0",
    "bullet": "xuanfupao"
  },
  {
    "id": 204,
    "pic": "splane_04",
    "fly": "plane_04",
    "name": "电磁炮",
    "dec": "副武器击中怪物时，一定几率使怪物无法行动",
    "unlock": "1|36",
    "type": "6|1.2|0.12|33|1",
    "power": "5|1",
    "fire": "5|1",
    "fire_cost": "100|1|3.9",
    "speed": "1|1|2.8|0.015",
    "speed_cost": "100|1|4",
    "bulletSpeed": "25|0",
    "bullet": "diancipao"
  },
  {
    "id": 205,
    "pic": "splane_05",
    "fly": "plane_05",
    "name": "导弹炮",
    "dec": "副武器击中怪物时，会有额外爆炸效果，造成小范围伤害",
    "unlock": "1|48",
    "type": "7|50|1|20|0.5",
    "power": "5|1",
    "fire": "10|1.2",
    "fire_cost": "100|1|3.9",
    "speed": "1|1|3|0.015",
    "speed_cost": "100|1|4",
    "bulletSpeed": "15|0",
    "bullet": "daodanpao"
  },
  {
    "id": 206,
    "pic": "splane_06",
    "fly": "plane_06",
    "name": "流星炮",
    "dec": "副武器击中怪物时，一定几率击退怪物",
    "unlock": "2|-1",
    "type": "1|60|2|33|1",
    "power": "5|1",
    "fire": "5|1",
    "fire_cost": "1|5|1",
    "speed": "1|1|2|0.02",
    "speed_cost": "1|3|1",
    "bulletSpeed": "20|0",
    "bullet": "liuxingpao"
  },
  {
    "id": 207,
    "pic": "splane_07",
    "fly": "plane_07",
    "name": "虚空引擎",
    "dec": "副武器会发射一个黑洞，吞噬接触到的敌人",
    "unlock": "2|-1",
    "type": "8|3|0.1",
    "power": "5|1",
    "fire": "9999999|1",
    "fire_cost": "1|5|1",
    "speed": "1|1|10|0.05",
    "speed_cost": "1|3|1",
    "bulletSpeed": "50|0",
    "bullet": "xuhongyinqing"
  },
  {
    "id": 208,
    "pic": "splane_08",
    "fly": "plane_08",
    "name": "飞刃风暴",
    "dec": "副武器击中怪物时，会对怪物造成持续流血伤害",
    "unlock": "2|-1",
    "type": "9|2|0.1|0.5|10",
    "power": "5|1",
    "fire": "5|1",
    "fire_cost": "1|5|1",
    "speed": "1|1|1.6|0.02",
    "speed_cost": "1|3|1",
    "bulletSpeed": "25|0",
    "bullet": "feirenfengbao"
  },
  {
    "id": 209,
    "pic": "splane_09",
    "fly": "plane_09",
    "name": "蘑菇炮",
    "dec": "副武器击中怪物时，一定几率使怪物中毒",
    "unlock": "2|-1",
    "type": "10|2|0.1|0.5|20|33|1",
    "power": "5|1",
    "fire": "5|1",
    "fire_cost": "1|5|1",
    "speed": "1|1|2.5|0.02",
    "speed_cost": "1|3|1",
    "bulletSpeed": "20|0",
    "bullet": "mogupao"
  },
  {
    "id": 210,
    "pic": "splane_10",
    "fly": "plane_10",
    "name": "毒液",
    "dec": "副武器会发射随机跟踪怪物的子弹",
    "unlock": "2|-1",
    "type": "11",
    "power": "5|1",
    "fire": "3|1",
    "fire_cost": "1|5|1",
    "speed": "1|1|1|0.02",
    "speed_cost": "1|3|1",
    "bulletSpeed": "20|0",
    "bullet": "毒液子弹"
  }
]
}