{ 
"RECORDS": 
[
  {
    "id": 1,
    "reward": "101|10000|1000",
    "rate": 10
  },
  {
    "id": 2,
    "reward": "102|10|0.1",
    "rate": 10
  },
  {
    "id": 3,
    "reward": "101|20000|2000",
    "rate": 15
  },
  {
    "id": 4,
    "reward": "102|15|0.15",
    "rate": 15
  },
  {
    "id": 5,
    "reward": "101|30000|3000",
    "rate": 15
  },
  {
    "id": 6,
    "reward": "102|20|0.2",
    "rate": 15
  },
  {
    "id": 7,
    "reward": "101|50000|5000",
    "rate": 10
  },
  {
    "id": 8,
    "reward": "102|30|0.3",
    "rate": 10
  }
]
}