{ 
"RECORDS": 
[
  {
    "id": 1,
    "boss": "30004|1",
    "distance": 200,
    "monster": "10801|2",
    "time": "0.8000|1.1000"
  },
  {
    "id": 2,
    "boss": "30108|1",
    "distance": 400,
    "monster": "11102|2",
    "time": "0.7995|1.0950"
  },
  {
    "id": 3,
    "boss": "30212|1",
    "distance": 600,
    "monster": "11202|2",
    "time": "0.7990|1.0900"
  },
  {
    "id": 4,
    "boss": "30316|1",
    "distance": 800,
    "monster": "10603|2",
    "time": "0.7985|1.0850"
  },
  {
    "id": 5,
    "boss": "30420|1",
    "distance": 1000,
    "monster": "10503|2",
    "time": "0.7980|1.0800"
  },
  {
    "id": 6,
    "boss": "30524|1",
    "distance": 1200,
    "monster": "10004|2",
    "time": "0.7975|1.0750"
  },
  {
    "id": 7,
    "boss": "30628|1",
    "distance": 1400,
    "monster": "10704|2",
    "time": "0.7970|1.0700"
  },
  {
    "id": 8,
    "boss": "30732|1",
    "distance": 1600,
    "monster": "10805|2",
    "time": "0.7965|1.0650"
  },
  {
    "id": 9,
    "boss": "30836|1",
    "distance": 1800,
    "monster": "10905|2",
    "time": "0.7960|1.0600"
  },
  {
    "id": 10,
    "boss": "30940|1",
    "distance": 2000,
    "monster": "10406|2",
    "time": "0.7955|1.0550"
  },
  {
    "id": 11,
    "boss": "31044|1",
    "distance": 2200,
    "monster": "10806|2",
    "time": "0.7950|1.0500"
  },
  {
    "id": 12,
    "boss": "31148|1",
    "distance": 2400,
    "monster": "10307|2",
    "time": "0.7945|1.0450"
  },
  {
    "id": 13,
    "boss": "31252|1",
    "distance": 2600,
    "monster": "10307|2",
    "time": "0.7940|1.0400"
  },
  {
    "id": 14,
    "boss": "31456|1",
    "distance": 2800,
    "monster": "11408|2",
    "time": "0.7935|1.0350"
  },
  {
    "id": 15,
    "boss": "30060|1",
    "distance": 3000,
    "monster": "10808|2",
    "time": "0.7930|1.0300"
  },
  {
    "id": 16,
    "boss": "30164|1",
    "distance": 3200,
    "monster": "11109|2",
    "time": "0.7925|1.0250"
  },
  {
    "id": 17,
    "boss": "30268|1",
    "distance": 3400,
    "monster": "10409|2",
    "time": "0.7920|1.0200"
  },
  {
    "id": 18,
    "boss": "30372|1",
    "distance": 3600,
    "monster": "11410|2",
    "time": "0.7915|1.0150"
  },
  {
    "id": 19,
    "boss": "30476|1",
    "distance": 3800,
    "monster": "10410|2",
    "time": "0.7910|1.0100"
  },
  {
    "id": 20,
    "boss": "30580|1",
    "distance": 4000,
    "monster": "10911|2",
    "time": "0.7905|1.0050"
  },
  {
    "id": 21,
    "boss": "30684|1",
    "distance": 4200,
    "monster": "11011|2",
    "time": "0.7900|1.0000"
  },
  {
    "id": 22,
    "boss": "30788|1",
    "distance": 4400,
    "monster": "10312|2",
    "time": "0.7895|0.9950"
  },
  {
    "id": 23,
    "boss": "30892|1",
    "distance": 4600,
    "monster": "10112|2",
    "time": "0.7890|0.9900"
  },
  {
    "id": 24,
    "boss": "30996|1",
    "distance": 4800,
    "monster": "10313|2",
    "time": "0.7885|0.9850"
  },
  {
    "id": 25,
    "boss": "31099|1",
    "distance": 5000,
    "monster": "10413|2",
    "time": "0.7880|0.9800"
  },
  {
    "id": 26,
    "boss": "31199|1",
    "distance": 5200,
    "monster": "10914|2",
    "time": "0.7875|0.9750"
  },
  {
    "id": 27,
    "boss": "31299|1",
    "distance": 5400,
    "monster": "10814|2",
    "time": "0.7870|0.9700"
  },
  {
    "id": 28,
    "boss": "31499|1",
    "distance": 5600,
    "monster": "11215|2",
    "time": "0.7865|0.9650"
  },
  {
    "id": 29,
    "boss": "30099|1",
    "distance": 5800,
    "monster": "11315|2",
    "time": "0.7860|0.9600"
  },
  {
    "id": 30,
    "boss": "30199|1",
    "distance": 6000,
    "monster": "10716|2",
    "time": "0.7855|0.9550"
  },
  {
    "id": 31,
    "boss": "30299|1",
    "distance": 6200,
    "monster": "10516|2",
    "time": "0.7850|0.9500"
  },
  {
    "id": 32,
    "boss": "30399|1",
    "distance": 6400,
    "monster": "10017|2",
    "time": "0.7845|0.9450"
  },
  {
    "id": 33,
    "boss": "30499|1",
    "distance": 6600,
    "monster": "10017|2",
    "time": "0.7840|0.9400"
  },
  {
    "id": 34,
    "boss": "30599|1",
    "distance": 6800,
    "monster": "10718|2",
    "time": "0.7835|0.9350"
  },
  {
    "id": 35,
    "boss": "30699|1",
    "distance": 7000,
    "monster": "10318|2",
    "time": "0.7830|0.9300"
  },
  {
    "id": 36,
    "boss": "30799|1",
    "distance": 7200,
    "monster": "10219|2",
    "time": "0.7825|0.9250"
  },
  {
    "id": 37,
    "boss": "30899|1",
    "distance": 7400,
    "monster": "10719|2",
    "time": "0.7820|0.9200"
  },
  {
    "id": 38,
    "boss": "30999|1",
    "distance": 7600,
    "monster": "11120|2",
    "time": "0.7815|0.9150"
  },
  {
    "id": 39,
    "boss": "31099|1",
    "distance": 7800,
    "monster": "10820|2",
    "time": "0.7810|0.9100"
  },
  {
    "id": 40,
    "boss": "31199|1",
    "distance": 8000,
    "monster": "10321|2",
    "time": "0.7805|0.9050"
  },
  {
    "id": 41,
    "boss": "31299|1",
    "distance": 8200,
    "monster": "10421|2",
    "time": "0.7800|0.9000"
  },
  {
    "id": 42,
    "boss": "31499|1",
    "distance": 8400,
    "monster": "10822|2",
    "time": "0.7795|0.8950"
  },
  {
    "id": 43,
    "boss": "30099|1",
    "distance": 8600,
    "monster": "11222|2",
    "time": "0.7790|0.8900"
  },
  {
    "id": 44,
    "boss": "30199|1",
    "distance": 8800,
    "monster": "11023|2",
    "time": "0.7785|0.8850"
  },
  {
    "id": 45,
    "boss": "30299|1",
    "distance": 9000,
    "monster": "10223|2",
    "time": "0.7780|0.8800"
  },
  {
    "id": 46,
    "boss": "30399|1",
    "distance": 9200,
    "monster": "10724|2",
    "time": "0.7775|0.8750"
  },
  {
    "id": 47,
    "boss": "30499|1",
    "distance": 9400,
    "monster": "10624|2",
    "time": "0.7770|0.8700"
  },
  {
    "id": 48,
    "boss": "30599|1",
    "distance": 9600,
    "monster": "10325|2",
    "time": "0.7765|0.8650"
  },
  {
    "id": 49,
    "boss": "30699|1",
    "distance": 9800,
    "monster": "10825|2",
    "time": "0.7760|0.8600"
  },
  {
    "id": 50,
    "boss": "30799|1",
    "distance": 10000,
    "monster": "10126|2",
    "time": "0.7755|0.8550"
  },
  {
    "id": 51,
    "boss": "30899|1",
    "distance": 10200,
    "monster": "11326|2",
    "time": "0.7750|0.8500"
  },
  {
    "id": 52,
    "boss": "30999|1",
    "distance": 10400,
    "monster": "11027|2",
    "time": "0.7745|0.8450"
  },
  {
    "id": 53,
    "boss": "31099|1",
    "distance": 10600,
    "monster": "10027|2",
    "time": "0.7740|0.8400"
  },
  {
    "id": 54,
    "boss": "31199|1",
    "distance": 10800,
    "monster": "10428|2",
    "time": "0.7735|0.8350"
  },
  {
    "id": 55,
    "boss": "31299|1",
    "distance": 11000,
    "monster": "10328|2",
    "time": "0.7730|0.8300"
  },
  {
    "id": 56,
    "boss": "31499|1",
    "distance": 11200,
    "monster": "10729|2",
    "time": "0.7725|0.8250"
  },
  {
    "id": 57,
    "boss": "30099|1",
    "distance": 11400,
    "monster": "10829|2",
    "time": "0.7720|0.8200"
  },
  {
    "id": 58,
    "boss": "30199|1",
    "distance": 11600,
    "monster": "10430|2",
    "time": "0.7715|0.8150"
  },
  {
    "id": 59,
    "boss": "30299|1",
    "distance": 11800,
    "monster": "10930|2",
    "time": "0.7710|0.8100"
  },
  {
    "id": 60,
    "boss": "30399|1",
    "distance": 12000,
    "monster": "10131|2",
    "time": "0.7705|0.8050"
  },
  {
    "id": 61,
    "boss": "30499|1",
    "distance": 12200,
    "monster": "10531|2",
    "time": "0.7700|0.8000"
  },
  {
    "id": 62,
    "boss": "30599|1",
    "distance": 12400,
    "monster": "10332|2",
    "time": "0.7695|0.8000"
  },
  {
    "id": 63,
    "boss": "30699|1",
    "distance": 12600,
    "monster": "10032|2",
    "time": "0.7690|0.8000"
  },
  {
    "id": 64,
    "boss": "30799|1",
    "distance": 12800,
    "monster": "11333|2",
    "time": "0.7685|0.8000"
  },
  {
    "id": 65,
    "boss": "30899|1",
    "distance": 13000,
    "monster": "11233|2",
    "time": "0.7680|0.8000"
  },
  {
    "id": 66,
    "boss": "30999|1",
    "distance": 13200,
    "monster": "11034|2",
    "time": "0.7675|0.8000"
  },
  {
    "id": 67,
    "boss": "31099|1",
    "distance": 13400,
    "monster": "10734|2",
    "time": "0.7670|0.8000"
  },
  {
    "id": 68,
    "boss": "31199|1",
    "distance": 13600,
    "monster": "10235|2",
    "time": "0.7665|0.8000"
  },
  {
    "id": 69,
    "boss": "31299|1",
    "distance": 13800,
    "monster": "11235|2",
    "time": "0.7660|0.8000"
  },
  {
    "id": 70,
    "boss": "31499|1",
    "distance": 14000,
    "monster": "10736|2",
    "time": "0.7655|0.8000"
  },
  {
    "id": 71,
    "boss": "30099|1",
    "distance": 14200,
    "monster": "10736|2",
    "time": "0.7650|0.8000"
  },
  {
    "id": 72,
    "boss": "30199|1",
    "distance": 14400,
    "monster": "10537|2",
    "time": "0.7645|0.8000"
  },
  {
    "id": 73,
    "boss": "30299|1",
    "distance": 14600,
    "monster": "10237|2",
    "time": "0.7640|0.8000"
  },
  {
    "id": 74,
    "boss": "30399|1",
    "distance": 14800,
    "monster": "10838|2",
    "time": "0.7635|0.8000"
  },
  {
    "id": 75,
    "boss": "30499|1",
    "distance": 15000,
    "monster": "10738|2",
    "time": "0.7630|0.8000"
  },
  {
    "id": 76,
    "boss": "30599|1",
    "distance": 15200,
    "monster": "11139|2",
    "time": "0.7625|0.8000"
  },
  {
    "id": 77,
    "boss": "30699|1",
    "distance": 15400,
    "monster": "10239|2",
    "time": "0.7620|0.8000"
  },
  {
    "id": 78,
    "boss": "30799|1",
    "distance": 15600,
    "monster": "11440|2",
    "time": "0.7615|0.8000"
  },
  {
    "id": 79,
    "boss": "30899|1",
    "distance": 15800,
    "monster": "11140|2",
    "time": "0.7610|0.8000"
  },
  {
    "id": 80,
    "boss": "30999|1",
    "distance": 16000,
    "monster": "10141|2",
    "time": "0.7605|0.8000"
  },
  {
    "id": 81,
    "boss": "31099|1",
    "distance": 16200,
    "monster": "10041|2",
    "time": "0.7600|0.8000"
  },
  {
    "id": 82,
    "boss": "31199|1",
    "distance": 16400,
    "monster": "10842|2",
    "time": "0.7595|0.8000"
  },
  {
    "id": 83,
    "boss": "31299|1",
    "distance": 16600,
    "monster": "11142|2",
    "time": "0.7590|0.8000"
  },
  {
    "id": 84,
    "boss": "31499|1",
    "distance": 16800,
    "monster": "11343|2",
    "time": "0.7585|0.8000"
  },
  {
    "id": 85,
    "boss": "30099|1",
    "distance": 17000,
    "monster": "10943|2",
    "time": "0.7580|0.8000"
  },
  {
    "id": 86,
    "boss": "30199|1",
    "distance": 17200,
    "monster": "10644|2",
    "time": "0.7575|0.8000"
  },
  {
    "id": 87,
    "boss": "30299|1",
    "distance": 17400,
    "monster": "11444|2",
    "time": "0.7570|0.8000"
  },
  {
    "id": 88,
    "boss": "30399|1",
    "distance": 17600,
    "monster": "10645|2",
    "time": "0.7565|0.8000"
  },
  {
    "id": 89,
    "boss": "30499|1",
    "distance": 17800,
    "monster": "10545|2",
    "time": "0.7560|0.8000"
  },
  {
    "id": 90,
    "boss": "30599|1",
    "distance": 18000,
    "monster": "10146|2",
    "time": "0.7555|0.8000"
  },
  {
    "id": 91,
    "boss": "30699|1",
    "distance": 18200,
    "monster": "10146|2",
    "time": "0.7550|0.8000"
  },
  {
    "id": 92,
    "boss": "30799|1",
    "distance": 18400,
    "monster": "10647|2",
    "time": "0.7545|0.8000"
  },
  {
    "id": 93,
    "boss": "30899|1",
    "distance": 18600,
    "monster": "10747|2",
    "time": "0.7540|0.8000"
  },
  {
    "id": 94,
    "boss": "30999|1",
    "distance": 18800,
    "monster": "10548|2",
    "time": "0.7535|0.8000"
  },
  {
    "id": 95,
    "boss": "31099|1",
    "distance": 19000,
    "monster": "10748|2",
    "time": "0.7530|0.8000"
  },
  {
    "id": 96,
    "boss": "31199|1",
    "distance": 19200,
    "monster": "11449|2",
    "time": "0.7525|0.8000"
  },
  {
    "id": 97,
    "boss": "31299|1",
    "distance": 19400,
    "monster": "10949|2",
    "time": "0.7520|0.8000"
  },
  {
    "id": 98,
    "boss": "31499|1",
    "distance": 19600,
    "monster": "10050|2",
    "time": "0.7515|0.8000"
  },
  {
    "id": 99,
    "boss": "30099|1",
    "distance": 19800,
    "monster": "10750|2",
    "time": "0.7510|0.8000"
  },
  {
    "id": 100,
    "boss": "30199|1",
    "distance": 20000,
    "monster": "10451|2",
    "time": "0.7505|0.8000"
  },
  {
    "id": 101,
    "boss": "30299|1",
    "distance": 20200,
    "monster": "10751|2",
    "time": "0.7500|0.8000"
  },
  {
    "id": 102,
    "boss": "30399|1",
    "distance": 20400,
    "monster": "10452|2",
    "time": "0.7495|0.8000"
  },
  {
    "id": 103,
    "boss": "30499|1",
    "distance": 20600,
    "monster": "11052|2",
    "time": "0.7490|0.8000"
  },
  {
    "id": 104,
    "boss": "30599|1",
    "distance": 20800,
    "monster": "10653|2",
    "time": "0.7485|0.8000"
  },
  {
    "id": 105,
    "boss": "30699|1",
    "distance": 21000,
    "monster": "11153|2",
    "time": "0.7480|0.8000"
  },
  {
    "id": 106,
    "boss": "30799|1",
    "distance": 21200,
    "monster": "10054|2",
    "time": "0.7475|0.8000"
  },
  {
    "id": 107,
    "boss": "30899|1",
    "distance": 21400,
    "monster": "10754|2",
    "time": "0.7470|0.8000"
  },
  {
    "id": 108,
    "boss": "30999|1",
    "distance": 21600,
    "monster": "10455|2",
    "time": "0.7465|0.8000"
  },
  {
    "id": 109,
    "boss": "31099|1",
    "distance": 21800,
    "monster": "10755|2",
    "time": "0.7460|0.8000"
  },
  {
    "id": 110,
    "boss": "31199|1",
    "distance": 22000,
    "monster": "10556|2",
    "time": "0.7455|0.8000"
  },
  {
    "id": 111,
    "boss": "31299|1",
    "distance": 22200,
    "monster": "10356|2",
    "time": "0.7450|0.8000"
  },
  {
    "id": 112,
    "boss": "31499|1",
    "distance": 22400,
    "monster": "11357|2",
    "time": "0.7445|0.8000"
  },
  {
    "id": 113,
    "boss": "30099|1",
    "distance": 22600,
    "monster": "10557|2",
    "time": "0.7440|0.8000"
  },
  {
    "id": 114,
    "boss": "30199|1",
    "distance": 22800,
    "monster": "11358|2",
    "time": "0.7435|0.8000"
  },
  {
    "id": 115,
    "boss": "30299|1",
    "distance": 23000,
    "monster": "11358|2",
    "time": "0.7430|0.8000"
  },
  {
    "id": 116,
    "boss": "30399|1",
    "distance": 23200,
    "monster": "10259|2",
    "time": "0.7425|0.8000"
  },
  {
    "id": 117,
    "boss": "30499|1",
    "distance": 23400,
    "monster": "11159|2",
    "time": "0.7420|0.8000"
  },
  {
    "id": 118,
    "boss": "30599|1",
    "distance": 23600,
    "monster": "11060|2",
    "time": "0.7415|0.8000"
  },
  {
    "id": 119,
    "boss": "30699|1",
    "distance": 23800,
    "monster": "11160|2",
    "time": "0.7410|0.8000"
  },
  {
    "id": 120,
    "boss": "30799|1",
    "distance": 24000,
    "monster": "10661|2",
    "time": "0.7405|0.8000"
  },
  {
    "id": 121,
    "boss": "30899|1",
    "distance": 24200,
    "monster": "10461|2",
    "time": "0.7400|0.8000"
  },
  {
    "id": 122,
    "boss": "30999|1",
    "distance": 24400,
    "monster": "10862|2",
    "time": "0.7395|0.8000"
  },
  {
    "id": 123,
    "boss": "31099|1",
    "distance": 24600,
    "monster": "11462|2",
    "time": "0.7390|0.8000"
  },
  {
    "id": 124,
    "boss": "31199|1",
    "distance": 24800,
    "monster": "10963|2",
    "time": "0.7385|0.8000"
  },
  {
    "id": 125,
    "boss": "31299|1",
    "distance": 25000,
    "monster": "10863|2",
    "time": "0.7380|0.8000"
  },
  {
    "id": 126,
    "boss": "31499|1",
    "distance": 25200,
    "monster": "10164|2",
    "time": "0.7375|0.8000"
  },
  {
    "id": 127,
    "boss": "30099|1",
    "distance": 25400,
    "monster": "10364|2",
    "time": "0.7370|0.8000"
  },
  {
    "id": 128,
    "boss": "30199|1",
    "distance": 25600,
    "monster": "10765|2",
    "time": "0.7365|0.8000"
  },
  {
    "id": 129,
    "boss": "30299|1",
    "distance": 25800,
    "monster": "10365|2",
    "time": "0.7360|0.8000"
  },
  {
    "id": 130,
    "boss": "30399|1",
    "distance": 26000,
    "monster": "10166|2",
    "time": "0.7355|0.8000"
  },
  {
    "id": 131,
    "boss": "30499|1",
    "distance": 26200,
    "monster": "10366|2",
    "time": "0.7350|0.8000"
  },
  {
    "id": 132,
    "boss": "30599|1",
    "distance": 26400,
    "monster": "10667|2",
    "time": "0.7345|0.8000"
  },
  {
    "id": 133,
    "boss": "30699|1",
    "distance": 26600,
    "monster": "11267|2",
    "time": "0.7340|0.8000"
  },
  {
    "id": 134,
    "boss": "30799|1",
    "distance": 26800,
    "monster": "10468|2",
    "time": "0.7335|0.8000"
  },
  {
    "id": 135,
    "boss": "30899|1",
    "distance": 27000,
    "monster": "10968|2",
    "time": "0.7330|0.8000"
  },
  {
    "id": 136,
    "boss": "30999|1",
    "distance": 27200,
    "monster": "11069|2",
    "time": "0.7325|0.8000"
  },
  {
    "id": 137,
    "boss": "31099|1",
    "distance": 27400,
    "monster": "11469|2",
    "time": "0.7320|0.8000"
  },
  {
    "id": 138,
    "boss": "31199|1",
    "distance": 27600,
    "monster": "10670|2",
    "time": "0.7315|0.8000"
  },
  {
    "id": 139,
    "boss": "31299|1",
    "distance": 27800,
    "monster": "11370|2",
    "time": "0.7310|0.8000"
  },
  {
    "id": 140,
    "boss": "31499|1",
    "distance": 28000,
    "monster": "10171|2",
    "time": "0.7305|0.8000"
  },
  {
    "id": 141,
    "boss": "30099|1",
    "distance": 28200,
    "monster": "10571|2",
    "time": "0.7300|0.8000"
  },
  {
    "id": 142,
    "boss": "30199|1",
    "distance": 28400,
    "monster": "11372|2",
    "time": "0.7295|0.8000"
  },
  {
    "id": 143,
    "boss": "30299|1",
    "distance": 28600,
    "monster": "10272|2",
    "time": "0.7290|0.8000"
  },
  {
    "id": 144,
    "boss": "30399|1",
    "distance": 28800,
    "monster": "11273|2",
    "time": "0.7285|0.8000"
  },
  {
    "id": 145,
    "boss": "30499|1",
    "distance": 29000,
    "monster": "10473|2",
    "time": "0.7280|0.8000"
  },
  {
    "id": 146,
    "boss": "30599|1",
    "distance": 29200,
    "monster": "11274|2",
    "time": "0.7275|0.8000"
  },
  {
    "id": 147,
    "boss": "30699|1",
    "distance": 29400,
    "monster": "10374|2",
    "time": "0.7270|0.8000"
  },
  {
    "id": 148,
    "boss": "30799|1",
    "distance": 29600,
    "monster": "10575|2",
    "time": "0.7265|0.8000"
  },
  {
    "id": 149,
    "boss": "30899|1",
    "distance": 29800,
    "monster": "10875|2",
    "time": "0.7260|0.8000"
  },
  {
    "id": 150,
    "boss": "30999|1",
    "distance": 30000,
    "monster": "10376|2",
    "time": "0.7255|0.8000"
  },
  {
    "id": 151,
    "boss": "31099|1",
    "distance": 30200,
    "monster": "11476|2",
    "time": "0.7250|0.8000"
  },
  {
    "id": 152,
    "boss": "31199|1",
    "distance": 30400,
    "monster": "11277|2",
    "time": "0.7245|0.8000"
  },
  {
    "id": 153,
    "boss": "31299|1",
    "distance": 30600,
    "monster": "10277|2",
    "time": "0.7240|0.8000"
  },
  {
    "id": 154,
    "boss": "31499|1",
    "distance": 30800,
    "monster": "10578|2",
    "time": "0.7235|0.8000"
  },
  {
    "id": 155,
    "boss": "30099|1",
    "distance": 31000,
    "monster": "10178|2",
    "time": "0.7230|0.8000"
  },
  {
    "id": 156,
    "boss": "30199|1",
    "distance": 31200,
    "monster": "10879|2",
    "time": "0.7225|0.8000"
  },
  {
    "id": 157,
    "boss": "30299|1",
    "distance": 31400,
    "monster": "11279|2",
    "time": "0.7220|0.8000"
  },
  {
    "id": 158,
    "boss": "30399|1",
    "distance": 31600,
    "monster": "10680|2",
    "time": "0.7215|0.8000"
  },
  {
    "id": 159,
    "boss": "30499|1",
    "distance": 31800,
    "monster": "11080|2",
    "time": "0.7210|0.8000"
  },
  {
    "id": 160,
    "boss": "30599|1",
    "distance": 32000,
    "monster": "11481|2",
    "time": "0.7205|0.8000"
  },
  {
    "id": 161,
    "boss": "30699|1",
    "distance": 32200,
    "monster": "10381|2",
    "time": "0.7200|0.8000"
  },
  {
    "id": 162,
    "boss": "30799|1",
    "distance": 32400,
    "monster": "10682|2",
    "time": "0.7195|0.8000"
  },
  {
    "id": 163,
    "boss": "30899|1",
    "distance": 32600,
    "monster": "11082|2",
    "time": "0.7190|0.8000"
  },
  {
    "id": 164,
    "boss": "30999|1",
    "distance": 32800,
    "monster": "10583|2",
    "time": "0.7185|0.8000"
  },
  {
    "id": 165,
    "boss": "31099|1",
    "distance": 33000,
    "monster": "11483|2",
    "time": "0.7180|0.8000"
  },
  {
    "id": 166,
    "boss": "31199|1",
    "distance": 33200,
    "monster": "10984|2",
    "time": "0.7175|0.8000"
  },
  {
    "id": 167,
    "boss": "31299|1",
    "distance": 33400,
    "monster": "11184|2",
    "time": "0.7170|0.8000"
  },
  {
    "id": 168,
    "boss": "31499|1",
    "distance": 33600,
    "monster": "10885|2",
    "time": "0.7165|0.8000"
  },
  {
    "id": 169,
    "boss": "30099|1",
    "distance": 33800,
    "monster": "10685|2",
    "time": "0.7160|0.8000"
  },
  {
    "id": 170,
    "boss": "30199|1",
    "distance": 34000,
    "monster": "10686|2",
    "time": "0.7155|0.8000"
  },
  {
    "id": 171,
    "boss": "30299|1",
    "distance": 34200,
    "monster": "10886|2",
    "time": "0.7150|0.8000"
  },
  {
    "id": 172,
    "boss": "30399|1",
    "distance": 34400,
    "monster": "10187|2",
    "time": "0.7145|0.8000"
  },
  {
    "id": 173,
    "boss": "30499|1",
    "distance": 34600,
    "monster": "10087|2",
    "time": "0.7140|0.8000"
  },
  {
    "id": 174,
    "boss": "30599|1",
    "distance": 34800,
    "monster": "10888|2",
    "time": "0.7135|0.8000"
  },
  {
    "id": 175,
    "boss": "30699|1",
    "distance": 35000,
    "monster": "10088|2",
    "time": "0.7130|0.8000"
  },
  {
    "id": 176,
    "boss": "30799|1",
    "distance": 35200,
    "monster": "10489|2",
    "time": "0.7125|0.8000"
  },
  {
    "id": 177,
    "boss": "30899|1",
    "distance": 35400,
    "monster": "10889|2",
    "time": "0.7120|0.8000"
  },
  {
    "id": 178,
    "boss": "30999|1",
    "distance": 35600,
    "monster": "11190|2",
    "time": "0.7115|0.8000"
  },
  {
    "id": 179,
    "boss": "31099|1",
    "distance": 35800,
    "monster": "11090|2",
    "time": "0.7110|0.8000"
  },
  {
    "id": 180,
    "boss": "31199|1",
    "distance": 36000,
    "monster": "10391|2",
    "time": "0.7105|0.8000"
  },
  {
    "id": 181,
    "boss": "31299|1",
    "distance": 36200,
    "monster": "10591|2",
    "time": "0.7100|0.8000"
  },
  {
    "id": 182,
    "boss": "31499|1",
    "distance": 36400,
    "monster": "10092|2",
    "time": "0.7095|0.8000"
  },
  {
    "id": 183,
    "boss": "30099|1",
    "distance": 36600,
    "monster": "10392|2",
    "time": "0.7090|0.8000"
  },
  {
    "id": 184,
    "boss": "30199|1",
    "distance": 36800,
    "monster": "11493|2",
    "time": "0.7085|0.8000"
  },
  {
    "id": 185,
    "boss": "30299|1",
    "distance": 37000,
    "monster": "10993|2",
    "time": "0.7080|0.8000"
  },
  {
    "id": 186,
    "boss": "30399|1",
    "distance": 37200,
    "monster": "11494|2",
    "time": "0.7075|0.8000"
  },
  {
    "id": 187,
    "boss": "30499|1",
    "distance": 37400,
    "monster": "10894|2",
    "time": "0.7070|0.8000"
  },
  {
    "id": 188,
    "boss": "30599|1",
    "distance": 37600,
    "monster": "10095|2",
    "time": "0.7065|0.8000"
  },
  {
    "id": 189,
    "boss": "30699|1",
    "distance": 37800,
    "monster": "10695|2",
    "time": "0.7060|0.8000"
  },
  {
    "id": 190,
    "boss": "30799|1",
    "distance": 38000,
    "monster": "10696|2",
    "time": "0.7055|0.8000"
  },
  {
    "id": 191,
    "boss": "30899|1",
    "distance": 38200,
    "monster": "10696|2",
    "time": "0.7050|0.8000"
  },
  {
    "id": 192,
    "boss": "30999|1",
    "distance": 38400,
    "monster": "10897|2",
    "time": "0.7045|0.8000"
  },
  {
    "id": 193,
    "boss": "31099|1",
    "distance": 38600,
    "monster": "10697|2",
    "time": "0.7040|0.8000"
  },
  {
    "id": 194,
    "boss": "31199|1",
    "distance": 38800,
    "monster": "11098|2",
    "time": "0.7035|0.8000"
  },
  {
    "id": 195,
    "boss": "31299|1",
    "distance": 39000,
    "monster": "11198|2",
    "time": "0.7030|0.8000"
  },
  {
    "id": 196,
    "boss": "31499|1",
    "distance": 39200,
    "monster": "11499|2",
    "time": "0.7025|0.8000"
  },
  {
    "id": 197,
    "boss": "30099|1",
    "distance": 39400,
    "monster": "10299|2",
    "time": "0.7020|0.8000"
  },
  {
    "id": 198,
    "boss": "30199|1",
    "distance": 39600,
    "monster": "10399|2",
    "time": "0.7015|0.8000"
  },
  {
    "id": 199,
    "boss": "30299|1",
    "distance": 39800,
    "monster": "10999|2",
    "time": "0.7010|0.8000"
  },
  {
    "id": 200,
    "boss": "30399|1",
    "distance": 40000,
    "monster": "10499|2",
    "time": "0.7005|0.8000"
  },
  {
    "id": 201,
    "boss": "30499|1",
    "distance": 40200,
    "monster": "11399|2",
    "time": "0.7000|0.8000"
  },
  {
    "id": 202,
    "boss": "30599|1",
    "distance": 40400,
    "monster": "10899|2",
    "time": "0.7000|0.8000"
  },
  {
    "id": 203,
    "boss": "30699|1",
    "distance": 40600,
    "monster": "10899|2",
    "time": "0.7000|0.8000"
  },
  {
    "id": 204,
    "boss": "30799|1",
    "distance": 40800,
    "monster": "10099|2",
    "time": "0.7000|0.8000"
  },
  {
    "id": 205,
    "boss": "30899|1",
    "distance": 41000,
    "monster": "10999|2",
    "time": "0.7000|0.8000"
  },
  {
    "id": 206,
    "boss": "30999|1",
    "distance": 41200,
    "monster": "10799|2",
    "time": "0.7000|0.8000"
  },
  {
    "id": 207,
    "boss": "31099|1",
    "distance": 41400,
    "monster": "10599|2",
    "time": "0.7000|0.8000"
  },
  {
    "id": 208,
    "boss": "31199|1",
    "distance": 41600,
    "monster": "11099|2",
    "time": "0.7000|0.8000"
  },
  {
    "id": 209,
    "boss": "31299|1",
    "distance": 41800,
    "monster": "11399|2",
    "time": "0.7000|0.8000"
  },
  {
    "id": 210,
    "boss": "31499|1",
    "distance": 42000,
    "monster": "10699|2",
    "time": "0.7000|0.8000"
  },
  {
    "id": 211,
    "boss": "30099|1",
    "distance": 42200,
    "monster": "10699|2",
    "time": "0.7000|0.8000"
  },
  {
    "id": 212,
    "boss": "30199|1",
    "distance": 42400,
    "monster": "11099|2",
    "time": "0.7000|0.8000"
  },
  {
    "id": 213,
    "boss": "30299|1",
    "distance": 42600,
    "monster": "10499|2",
    "time": "0.7000|0.8000"
  },
  {
    "id": 214,
    "boss": "30399|1",
    "distance": 42800,
    "monster": "10499|2",
    "time": "0.7000|0.8000"
  },
  {
    "id": 215,
    "boss": "30499|1",
    "distance": 43000,
    "monster": "11299|2",
    "time": "0.7000|0.8000"
  },
  {
    "id": 216,
    "boss": "30599|1",
    "distance": 43200,
    "monster": "10299|2",
    "time": "0.7000|0.8000"
  },
  {
    "id": 217,
    "boss": "30699|1",
    "distance": 43400,
    "monster": "10799|2",
    "time": "0.7000|0.8000"
  },
  {
    "id": 218,
    "boss": "30799|1",
    "distance": 43600,
    "monster": "10099|2",
    "time": "0.7000|0.8000"
  },
  {
    "id": 219,
    "boss": "30899|1",
    "distance": 43800,
    "monster": "10499|2",
    "time": "0.7000|0.8000"
  },
  {
    "id": 220,
    "boss": "30999|1",
    "distance": 44000,
    "monster": "11499|2",
    "time": "0.7000|0.8000"
  },
  {
    "id": 221,
    "boss": "31099|1",
    "distance": 44200,
    "monster": "10999|2",
    "time": "0.7000|0.8000"
  },
  {
    "id": 222,
    "boss": "31199|1",
    "distance": 44400,
    "monster": "10499|2",
    "time": "0.7000|0.8000"
  },
  {
    "id": 223,
    "boss": "31299|1",
    "distance": 44600,
    "monster": "11199|2",
    "time": "0.7000|0.8000"
  },
  {
    "id": 224,
    "boss": "31499|1",
    "distance": 44800,
    "monster": "11199|2",
    "time": "0.7000|0.8000"
  },
  {
    "id": 225,
    "boss": "30099|1",
    "distance": 45000,
    "monster": "10799|2",
    "time": "0.7000|0.8000"
  },
  {
    "id": 226,
    "boss": "30199|1",
    "distance": 45200,
    "monster": "10699|2",
    "time": "0.7000|0.8000"
  },
  {
    "id": 227,
    "boss": "30299|1",
    "distance": 45400,
    "monster": "10799|2",
    "time": "0.7000|0.8000"
  },
  {
    "id": 228,
    "boss": "30399|1",
    "distance": 45600,
    "monster": "10099|2",
    "time": "0.7000|0.8000"
  },
  {
    "id": 229,
    "boss": "30499|1",
    "distance": 45800,
    "monster": "10999|2",
    "time": "0.7000|0.8000"
  },
  {
    "id": 230,
    "boss": "30599|1",
    "distance": 46000,
    "monster": "10599|2",
    "time": "0.7000|0.8000"
  },
  {
    "id": 231,
    "boss": "30699|1",
    "distance": 46200,
    "monster": "11099|2",
    "time": "0.7000|0.8000"
  },
  {
    "id": 232,
    "boss": "30799|1",
    "distance": 46400,
    "monster": "10599|2",
    "time": "0.7000|0.8000"
  },
  {
    "id": 233,
    "boss": "30899|1",
    "distance": 46600,
    "monster": "10099|2",
    "time": "0.7000|0.8000"
  },
  {
    "id": 234,
    "boss": "30999|1",
    "distance": 46800,
    "monster": "10699|2",
    "time": "0.7000|0.8000"
  },
  {
    "id": 235,
    "boss": "31099|1",
    "distance": 47000,
    "monster": "11299|2",
    "time": "0.7000|0.8000"
  },
  {
    "id": 236,
    "boss": "31199|1",
    "distance": 47200,
    "monster": "11399|2",
    "time": "0.7000|0.8000"
  },
  {
    "id": 237,
    "boss": "31299|1",
    "distance": 47400,
    "monster": "10699|2",
    "time": "0.7000|0.8000"
  },
  {
    "id": 238,
    "boss": "31499|1",
    "distance": 47600,
    "monster": "11299|2",
    "time": "0.7000|0.8000"
  },
  {
    "id": 239,
    "boss": "30099|1",
    "distance": 47800,
    "monster": "10999|2",
    "time": "0.7000|0.8000"
  },
  {
    "id": 240,
    "boss": "30199|1",
    "distance": 48000,
    "monster": "10399|2",
    "time": "0.7000|0.8000"
  },
  {
    "id": 241,
    "boss": "30299|1",
    "distance": 48200,
    "monster": "11499|2",
    "time": "0.7000|0.8000"
  },
  {
    "id": 242,
    "boss": "30399|1",
    "distance": 48400,
    "monster": "10599|2",
    "time": "0.7000|0.8000"
  },
  {
    "id": 243,
    "boss": "30499|1",
    "distance": 48600,
    "monster": "10399|2",
    "time": "0.7000|0.8000"
  },
  {
    "id": 244,
    "boss": "30599|1",
    "distance": 48800,
    "monster": "10999|2",
    "time": "0.7000|0.8000"
  },
  {
    "id": 245,
    "boss": "30699|1",
    "distance": 49000,
    "monster": "10899|2",
    "time": "0.7000|0.8000"
  },
  {
    "id": 246,
    "boss": "30799|1",
    "distance": 49200,
    "monster": "10099|2",
    "time": "0.7000|0.8000"
  },
  {
    "id": 247,
    "boss": "30899|1",
    "distance": 49400,
    "monster": "10599|2",
    "time": "0.7000|0.8000"
  },
  {
    "id": 248,
    "boss": "30999|1",
    "distance": 49600,
    "monster": "11299|2",
    "time": "0.7000|0.8000"
  },
  {
    "id": 249,
    "boss": "31099|1",
    "distance": 49800,
    "monster": "10599|2",
    "time": "0.7000|0.8000"
  },
  {
    "id": 250,
    "boss": "31199|1",
    "distance": 50000,
    "monster": "10299|2",
    "time": "0.7000|0.8000"
  },
  {
    "id": 251,
    "boss": "31299|1",
    "distance": 50200,
    "monster": "10499|2",
    "time": "0.7000|0.8000"
  },
  {
    "id": 252,
    "boss": "31499|1",
    "distance": 50400,
    "monster": "10199|2",
    "time": "0.7000|0.8000"
  },
  {
    "id": 253,
    "boss": "30099|1",
    "distance": 50600,
    "monster": "10999|2",
    "time": "0.7000|0.8000"
  },
  {
    "id": 254,
    "boss": "30199|1",
    "distance": 50800,
    "monster": "10199|2",
    "time": "0.7000|0.8000"
  },
  {
    "id": 255,
    "boss": "30299|1",
    "distance": 51000,
    "monster": "10499|2",
    "time": "0.7000|0.8000"
  },
  {
    "id": 256,
    "boss": "30399|1",
    "distance": 51200,
    "monster": "11299|2",
    "time": "0.7000|0.8000"
  },
  {
    "id": 257,
    "boss": "30499|1",
    "distance": 51400,
    "monster": "10399|2",
    "time": "0.7000|0.8000"
  },
  {
    "id": 258,
    "boss": "30599|1",
    "distance": 51600,
    "monster": "10399|2",
    "time": "0.7000|0.8000"
  },
  {
    "id": 259,
    "boss": "30699|1",
    "distance": 51800,
    "monster": "11399|2",
    "time": "0.7000|0.8000"
  },
  {
    "id": 260,
    "boss": "30799|1",
    "distance": 52000,
    "monster": "10699|2",
    "time": "0.7000|0.8000"
  },
  {
    "id": 261,
    "boss": "30899|1",
    "distance": 52200,
    "monster": "10999|2",
    "time": "0.7000|0.8000"
  },
  {
    "id": 262,
    "boss": "30999|1",
    "distance": 52400,
    "monster": "10099|2",
    "time": "0.7000|0.8000"
  },
  {
    "id": 263,
    "boss": "31099|1",
    "distance": 52600,
    "monster": "10599|2",
    "time": "0.7000|0.8000"
  },
  {
    "id": 264,
    "boss": "31199|1",
    "distance": 52800,
    "monster": "11499|2",
    "time": "0.7000|0.8000"
  },
  {
    "id": 265,
    "boss": "31299|1",
    "distance": 53000,
    "monster": "10999|2",
    "time": "0.7000|0.8000"
  },
  {
    "id": 266,
    "boss": "31499|1",
    "distance": 53200,
    "monster": "11099|2",
    "time": "0.7000|0.8000"
  },
  {
    "id": 267,
    "boss": "30099|1",
    "distance": 53400,
    "monster": "10499|2",
    "time": "0.7000|0.8000"
  },
  {
    "id": 268,
    "boss": "30199|1",
    "distance": 53600,
    "monster": "10599|2",
    "time": "0.7000|0.8000"
  },
  {
    "id": 269,
    "boss": "30299|1",
    "distance": 53800,
    "monster": "11099|2",
    "time": "0.7000|0.8000"
  },
  {
    "id": 270,
    "boss": "30399|1",
    "distance": 54000,
    "monster": "10899|2",
    "time": "0.7000|0.8000"
  },
  {
    "id": 271,
    "boss": "30499|1",
    "distance": 54200,
    "monster": "10399|2",
    "time": "0.7000|0.8000"
  },
  {
    "id": 272,
    "boss": "30599|1",
    "distance": 54400,
    "monster": "10699|2",
    "time": "0.7000|0.8000"
  },
  {
    "id": 273,
    "boss": "30699|1",
    "distance": 54600,
    "monster": "10799|2",
    "time": "0.7000|0.8000"
  },
  {
    "id": 274,
    "boss": "30799|1",
    "distance": 54800,
    "monster": "10299|2",
    "time": "0.7000|0.8000"
  },
  {
    "id": 275,
    "boss": "30899|1",
    "distance": 55000,
    "monster": "10199|2",
    "time": "0.7000|0.8000"
  },
  {
    "id": 276,
    "boss": "30999|1",
    "distance": 55200,
    "monster": "11199|2",
    "time": "0.7000|0.8000"
  },
  {
    "id": 277,
    "boss": "31099|1",
    "distance": 55400,
    "monster": "10799|2",
    "time": "0.7000|0.8000"
  },
  {
    "id": 278,
    "boss": "31199|1",
    "distance": 55600,
    "monster": "10699|2",
    "time": "0.7000|0.8000"
  },
  {
    "id": 279,
    "boss": "31299|1",
    "distance": 55800,
    "monster": "10499|2",
    "time": "0.7000|0.8000"
  },
  {
    "id": 280,
    "boss": "31499|1",
    "distance": 56000,
    "monster": "10499|2",
    "time": "0.7000|0.8000"
  },
  {
    "id": 281,
    "boss": "30099|1",
    "distance": 56200,
    "monster": "10099|2",
    "time": "0.7000|0.8000"
  },
  {
    "id": 282,
    "boss": "30199|1",
    "distance": 56400,
    "monster": "11499|2",
    "time": "0.7000|0.8000"
  },
  {
    "id": 283,
    "boss": "30299|1",
    "distance": 56600,
    "monster": "10799|2",
    "time": "0.7000|0.8000"
  },
  {
    "id": 284,
    "boss": "30399|1",
    "distance": 56800,
    "monster": "10599|2",
    "time": "0.7000|0.8000"
  },
  {
    "id": 285,
    "boss": "30499|1",
    "distance": 57000,
    "monster": "10999|2",
    "time": "0.7000|0.8000"
  },
  {
    "id": 286,
    "boss": "30599|1",
    "distance": 57200,
    "monster": "11399|2",
    "time": "0.7000|0.8000"
  },
  {
    "id": 287,
    "boss": "30699|1",
    "distance": 57400,
    "monster": "10599|2",
    "time": "0.7000|0.8000"
  },
  {
    "id": 288,
    "boss": "30799|1",
    "distance": 57600,
    "monster": "10299|2",
    "time": "0.7000|0.8000"
  },
  {
    "id": 289,
    "boss": "30899|1",
    "distance": 57800,
    "monster": "10399|2",
    "time": "0.7000|0.8000"
  },
  {
    "id": 290,
    "boss": "30999|1",
    "distance": 58000,
    "monster": "11099|2",
    "time": "0.7000|0.8000"
  },
  {
    "id": 291,
    "boss": "31099|1",
    "distance": 58200,
    "monster": "11299|2",
    "time": "0.7000|0.8000"
  },
  {
    "id": 292,
    "boss": "31199|1",
    "distance": 58400,
    "monster": "10199|2",
    "time": "0.7000|0.8000"
  },
  {
    "id": 293,
    "boss": "31299|1",
    "distance": 58600,
    "monster": "10499|2",
    "time": "0.7000|0.8000"
  },
  {
    "id": 294,
    "boss": "31499|1",
    "distance": 58800,
    "monster": "10599|2",
    "time": "0.7000|0.8000"
  },
  {
    "id": 295,
    "boss": "30099|1",
    "distance": 59000,
    "monster": "10299|2",
    "time": "0.7000|0.8000"
  },
  {
    "id": 296,
    "boss": "30199|1",
    "distance": 59200,
    "monster": "10899|2",
    "time": "0.7000|0.8000"
  },
  {
    "id": 297,
    "boss": "30299|1",
    "distance": 59400,
    "monster": "10499|2",
    "time": "0.7000|0.8000"
  },
  {
    "id": 298,
    "boss": "30399|1",
    "distance": 59600,
    "monster": "11399|2",
    "time": "0.7000|0.8000"
  },
  {
    "id": 299,
    "boss": "30499|1",
    "distance": 59800,
    "monster": "11499|2",
    "time": "0.7000|0.8000"
  },
  {
    "id": 300,
    "boss": "30599|1",
    "distance": 60000,
    "monster": "10599|2",
    "time": "0.7000|0.8000"
  },
  {
    "id": 301,
    "boss": "30699|1",
    "distance": 60200,
    "monster": "10899|2",
    "time": "0.7000|0.8000"
  },
  {
    "id": 302,
    "boss": "30799|1",
    "distance": 60400,
    "monster": "11399|2",
    "time": "0.7000|0.8000"
  },
  {
    "id": 303,
    "boss": "30899|1",
    "distance": 60600,
    "monster": "11099|2",
    "time": "0.7000|0.8000"
  },
  {
    "id": 304,
    "boss": "30999|1",
    "distance": 60800,
    "monster": "10799|2",
    "time": "0.7000|0.8000"
  },
  {
    "id": 305,
    "boss": "31099|1",
    "distance": 61000,
    "monster": "10399|2",
    "time": "0.7000|0.8000"
  },
  {
    "id": 306,
    "boss": "31199|1",
    "distance": 61200,
    "monster": "10699|2",
    "time": "0.7000|0.8000"
  },
  {
    "id": 307,
    "boss": "31299|1",
    "distance": 61400,
    "monster": "10099|2",
    "time": "0.7000|0.8000"
  },
  {
    "id": 308,
    "boss": "31499|1",
    "distance": 61600,
    "monster": "10099|2",
    "time": "0.7000|0.8000"
  },
  {
    "id": 309,
    "boss": "30099|1",
    "distance": 61800,
    "monster": "10399|2",
    "time": "0.7000|0.8000"
  },
  {
    "id": 310,
    "boss": "30199|1",
    "distance": 62000,
    "monster": "10799|2",
    "time": "0.7000|0.8000"
  },
  {
    "id": 311,
    "boss": "30299|1",
    "distance": 62200,
    "monster": "10199|2",
    "time": "0.7000|0.8000"
  },
  {
    "id": 312,
    "boss": "30399|1",
    "distance": 62400,
    "monster": "11299|2",
    "time": "0.7000|0.8000"
  },
  {
    "id": 313,
    "boss": "30499|1",
    "distance": 62600,
    "monster": "10399|2",
    "time": "0.7000|0.8000"
  },
  {
    "id": 314,
    "boss": "30599|1",
    "distance": 62800,
    "monster": "11499|2",
    "time": "0.7000|0.8000"
  },
  {
    "id": 315,
    "boss": "30699|1",
    "distance": 63000,
    "monster": "11399|2",
    "time": "0.7000|0.8000"
  },
  {
    "id": 316,
    "boss": "30799|1",
    "distance": 63200,
    "monster": "10999|2",
    "time": "0.7000|0.8000"
  },
  {
    "id": 317,
    "boss": "30899|1",
    "distance": 63400,
    "monster": "11399|2",
    "time": "0.7000|0.8000"
  },
  {
    "id": 318,
    "boss": "30999|1",
    "distance": 63600,
    "monster": "11199|2",
    "time": "0.7000|0.8000"
  },
  {
    "id": 319,
    "boss": "31099|1",
    "distance": 63800,
    "monster": "10899|2",
    "time": "0.7000|0.8000"
  },
  {
    "id": 320,
    "boss": "31199|1",
    "distance": 64000,
    "monster": "10099|2",
    "time": "0.7000|0.8000"
  },
  {
    "id": 321,
    "boss": "31299|1",
    "distance": 64200,
    "monster": "10599|2",
    "time": "0.7000|0.8000"
  },
  {
    "id": 322,
    "boss": "31499|1",
    "distance": 64400,
    "monster": "10699|2",
    "time": "0.7000|0.8000"
  },
  {
    "id": 323,
    "boss": "30099|1",
    "distance": 64600,
    "monster": "10499|2",
    "time": "0.7000|0.8000"
  },
  {
    "id": 324,
    "boss": "30199|1",
    "distance": 64800,
    "monster": "11099|2",
    "time": "0.7000|0.8000"
  },
  {
    "id": 325,
    "boss": "30299|1",
    "distance": 65000,
    "monster": "11399|2",
    "time": "0.7000|0.8000"
  },
  {
    "id": 326,
    "boss": "30399|1",
    "distance": 65200,
    "monster": "10699|2",
    "time": "0.7000|0.8000"
  },
  {
    "id": 327,
    "boss": "30499|1",
    "distance": 65400,
    "monster": "10799|2",
    "time": "0.7000|0.8000"
  },
  {
    "id": 328,
    "boss": "30599|1",
    "distance": 65600,
    "monster": "10699|2",
    "time": "0.7000|0.8000"
  },
  {
    "id": 329,
    "boss": "30699|1",
    "distance": 65800,
    "monster": "11399|2",
    "time": "0.7000|0.8000"
  },
  {
    "id": 330,
    "boss": "30799|1",
    "distance": 66000,
    "monster": "10999|2",
    "time": "0.7000|0.8000"
  },
  {
    "id": 331,
    "boss": "30899|1",
    "distance": 66200,
    "monster": "11199|2",
    "time": "0.7000|0.8000"
  },
  {
    "id": 332,
    "boss": "30999|1",
    "distance": 66400,
    "monster": "11199|2",
    "time": "0.7000|0.8000"
  },
  {
    "id": 333,
    "boss": "31099|1",
    "distance": 66600,
    "monster": "10499|2",
    "time": "0.7000|0.8000"
  },
  {
    "id": 334,
    "boss": "31199|1",
    "distance": 66800,
    "monster": "11299|2",
    "time": "0.7000|0.8000"
  },
  {
    "id": 335,
    "boss": "31299|1",
    "distance": 67000,
    "monster": "10799|2",
    "time": "0.7000|0.8000"
  },
  {
    "id": 336,
    "boss": "31499|1",
    "distance": 67200,
    "monster": "11199|2",
    "time": "0.7000|0.8000"
  },
  {
    "id": 337,
    "boss": "30099|1",
    "distance": 67400,
    "monster": "11399|2",
    "time": "0.7000|0.8000"
  },
  {
    "id": 338,
    "boss": "30199|1",
    "distance": 67600,
    "monster": "11299|2",
    "time": "0.7000|0.8000"
  },
  {
    "id": 339,
    "boss": "30299|1",
    "distance": 67800,
    "monster": "10099|2",
    "time": "0.7000|0.8000"
  },
  {
    "id": 340,
    "boss": "30399|1",
    "distance": 68000,
    "monster": "10499|2",
    "time": "0.7000|0.8000"
  },
  {
    "id": 341,
    "boss": "30499|1",
    "distance": 68200,
    "monster": "11499|2",
    "time": "0.7000|0.8000"
  },
  {
    "id": 342,
    "boss": "30599|1",
    "distance": 68400,
    "monster": "10599|2",
    "time": "0.7000|0.8000"
  },
  {
    "id": 343,
    "boss": "30699|1",
    "distance": 68600,
    "monster": "10199|2",
    "time": "0.7000|0.8000"
  },
  {
    "id": 344,
    "boss": "30799|1",
    "distance": 68800,
    "monster": "11299|2",
    "time": "0.7000|0.8000"
  },
  {
    "id": 345,
    "boss": "30899|1",
    "distance": 69000,
    "monster": "10999|2",
    "time": "0.7000|0.8000"
  },
  {
    "id": 346,
    "boss": "30999|1",
    "distance": 69200,
    "monster": "11299|2",
    "time": "0.7000|0.8000"
  },
  {
    "id": 347,
    "boss": "31099|1",
    "distance": 69400,
    "monster": "10599|2",
    "time": "0.7000|0.8000"
  },
  {
    "id": 348,
    "boss": "31199|1",
    "distance": 69600,
    "monster": "10999|2",
    "time": "0.7000|0.8000"
  },
  {
    "id": 349,
    "boss": "31299|1",
    "distance": 69800,
    "monster": "10999|2",
    "time": "0.7000|0.8000"
  },
  {
    "id": 350,
    "boss": "31499|1",
    "distance": 70000,
    "monster": "11299|2",
    "time": "0.7000|0.8000"
  },
  {
    "id": 351,
    "boss": "30099|1",
    "distance": 70200,
    "monster": "10499|2",
    "time": "0.7000|0.8000"
  },
  {
    "id": 352,
    "boss": "30199|1",
    "distance": 70400,
    "monster": "11299|2",
    "time": "0.7000|0.8000"
  },
  {
    "id": 353,
    "boss": "30299|1",
    "distance": 70600,
    "monster": "10399|2",
    "time": "0.7000|0.8000"
  },
  {
    "id": 354,
    "boss": "30399|1",
    "distance": 70800,
    "monster": "10099|2",
    "time": "0.7000|0.8000"
  },
  {
    "id": 355,
    "boss": "30499|1",
    "distance": 71000,
    "monster": "10399|2",
    "time": "0.7000|0.8000"
  },
  {
    "id": 356,
    "boss": "30599|1",
    "distance": 71200,
    "monster": "10399|2",
    "time": "0.7000|0.8000"
  },
  {
    "id": 357,
    "boss": "30699|1",
    "distance": 71400,
    "monster": "10999|2",
    "time": "0.7000|0.8000"
  },
  {
    "id": 358,
    "boss": "30799|1",
    "distance": 71600,
    "monster": "10599|2",
    "time": "0.7000|0.8000"
  },
  {
    "id": 359,
    "boss": "30899|1",
    "distance": 71800,
    "monster": "11399|2",
    "time": "0.7000|0.8000"
  },
  {
    "id": 360,
    "boss": "30999|1",
    "distance": 72000,
    "monster": "11399|2",
    "time": "0.7000|0.8000"
  },
  {
    "id": 361,
    "boss": "31099|1",
    "distance": 72200,
    "monster": "10099|2",
    "time": "0.7000|0.8000"
  },
  {
    "id": 362,
    "boss": "31199|1",
    "distance": 72400,
    "monster": "10899|2",
    "time": "0.7000|0.8000"
  },
  {
    "id": 363,
    "boss": "31299|1",
    "distance": 72600,
    "monster": "11099|2",
    "time": "0.7000|0.8000"
  },
  {
    "id": 364,
    "boss": "31499|1",
    "distance": 72800,
    "monster": "10499|2",
    "time": "0.7000|0.8000"
  },
  {
    "id": 365,
    "boss": "30099|1",
    "distance": 73000,
    "monster": "10199|2",
    "time": "0.7000|0.8000"
  },
  {
    "id": 366,
    "boss": "30199|1",
    "distance": 73200,
    "monster": "10899|2",
    "time": "0.7000|0.8000"
  },
  {
    "id": 367,
    "boss": "30299|1",
    "distance": 73400,
    "monster": "10199|2",
    "time": "0.7000|0.8000"
  },
  {
    "id": 368,
    "boss": "30399|1",
    "distance": 73600,
    "monster": "11099|2",
    "time": "0.7000|0.8000"
  },
  {
    "id": 369,
    "boss": "30499|1",
    "distance": 73800,
    "monster": "10299|2",
    "time": "0.7000|0.8000"
  },
  {
    "id": 370,
    "boss": "30599|1",
    "distance": 74000,
    "monster": "11299|2",
    "time": "0.7000|0.8000"
  },
  {
    "id": 371,
    "boss": "30699|1",
    "distance": 74200,
    "monster": "10099|2",
    "time": "0.7000|0.8000"
  },
  {
    "id": 372,
    "boss": "30799|1",
    "distance": 74400,
    "monster": "10499|2",
    "time": "0.7000|0.8000"
  },
  {
    "id": 373,
    "boss": "30899|1",
    "distance": 74600,
    "monster": "10099|2",
    "time": "0.7000|0.8000"
  },
  {
    "id": 374,
    "boss": "30999|1",
    "distance": 74800,
    "monster": "10199|2",
    "time": "0.7000|0.8000"
  },
  {
    "id": 375,
    "boss": "31099|1",
    "distance": 75000,
    "monster": "11499|2",
    "time": "0.7000|0.8000"
  },
  {
    "id": 376,
    "boss": "31199|1",
    "distance": 75200,
    "monster": "11099|2",
    "time": "0.7000|0.8000"
  },
  {
    "id": 377,
    "boss": "31299|1",
    "distance": 75400,
    "monster": "11499|2",
    "time": "0.7000|0.8000"
  },
  {
    "id": 378,
    "boss": "31499|1",
    "distance": 75600,
    "monster": "10199|2",
    "time": "0.7000|0.8000"
  },
  {
    "id": 379,
    "boss": "30099|1",
    "distance": 75800,
    "monster": "10099|2",
    "time": "0.7000|0.8000"
  },
  {
    "id": 380,
    "boss": "30199|1",
    "distance": 76000,
    "monster": "10399|2",
    "time": "0.7000|0.8000"
  },
  {
    "id": 381,
    "boss": "30299|1",
    "distance": 76200,
    "monster": "10199|2",
    "time": "0.7000|0.8000"
  },
  {
    "id": 382,
    "boss": "30399|1",
    "distance": 76400,
    "monster": "10399|2",
    "time": "0.7000|0.8000"
  },
  {
    "id": 383,
    "boss": "30499|1",
    "distance": 76600,
    "monster": "10199|2",
    "time": "0.7000|0.8000"
  },
  {
    "id": 384,
    "boss": "30599|1",
    "distance": 76800,
    "monster": "11499|2",
    "time": "0.7000|0.8000"
  },
  {
    "id": 385,
    "boss": "30699|1",
    "distance": 77000,
    "monster": "10999|2",
    "time": "0.7000|0.8000"
  },
  {
    "id": 386,
    "boss": "30799|1",
    "distance": 77200,
    "monster": "10199|2",
    "time": "0.7000|0.8000"
  },
  {
    "id": 387,
    "boss": "30899|1",
    "distance": 77400,
    "monster": "11199|2",
    "time": "0.7000|0.8000"
  },
  {
    "id": 388,
    "boss": "30999|1",
    "distance": 77600,
    "monster": "10699|2",
    "time": "0.7000|0.8000"
  },
  {
    "id": 389,
    "boss": "31099|1",
    "distance": 77800,
    "monster": "11099|2",
    "time": "0.7000|0.8000"
  },
  {
    "id": 390,
    "boss": "31199|1",
    "distance": 78000,
    "monster": "10399|2",
    "time": "0.7000|0.8000"
  },
  {
    "id": 391,
    "boss": "31299|1",
    "distance": 78200,
    "monster": "11199|2",
    "time": "0.7000|0.8000"
  },
  {
    "id": 392,
    "boss": "31499|1",
    "distance": 78400,
    "monster": "10699|2",
    "time": "0.7000|0.8000"
  },
  {
    "id": 393,
    "boss": "30099|1",
    "distance": 78600,
    "monster": "10799|2",
    "time": "0.7000|0.8000"
  },
  {
    "id": 394,
    "boss": "30199|1",
    "distance": 78800,
    "monster": "10299|2",
    "time": "0.7000|0.8000"
  },
  {
    "id": 395,
    "boss": "30299|1",
    "distance": 79000,
    "monster": "11199|2",
    "time": "0.7000|0.8000"
  },
  {
    "id": 396,
    "boss": "30399|1",
    "distance": 79200,
    "monster": "11499|2",
    "time": "0.7000|0.8000"
  },
  {
    "id": 397,
    "boss": "30499|1",
    "distance": 79400,
    "monster": "10399|2",
    "time": "0.7000|0.8000"
  },
  {
    "id": 398,
    "boss": "30599|1",
    "distance": 79600,
    "monster": "10199|2",
    "time": "0.7000|0.8000"
  },
  {
    "id": 399,
    "boss": "30699|1",
    "distance": 79800,
    "monster": "11399|2",
    "time": "0.7000|0.8000"
  },
  {
    "id": 400,
    "boss": "30799|1",
    "distance": 80000,
    "monster": "10899|2",
    "time": "0.7000|0.8000"
  },
  {
    "id": 401,
    "boss": "30899|1",
    "distance": 80200,
    "monster": "11199|2",
    "time": "0.7000|0.8000"
  },
  {
    "id": 402,
    "boss": "30999|1",
    "distance": 80400,
    "monster": "10199|2",
    "time": "0.7000|0.8000"
  },
  {
    "id": 403,
    "boss": "31099|1",
    "distance": 80600,
    "monster": "11499|2",
    "time": "0.7000|0.8000"
  },
  {
    "id": 404,
    "boss": "31199|1",
    "distance": 80800,
    "monster": "11499|2",
    "time": "0.7000|0.8000"
  },
  {
    "id": 405,
    "boss": "31299|1",
    "distance": 81000,
    "monster": "10799|2",
    "time": "0.7000|0.8000"
  },
  {
    "id": 406,
    "boss": "31499|1",
    "distance": 81200,
    "monster": "11299|2",
    "time": "0.7000|0.8000"
  },
  {
    "id": 407,
    "boss": "30099|1",
    "distance": 81400,
    "monster": "10099|2",
    "time": "0.7000|0.8000"
  },
  {
    "id": 408,
    "boss": "30199|1",
    "distance": 81600,
    "monster": "11099|2",
    "time": "0.7000|0.8000"
  },
  {
    "id": 409,
    "boss": "30299|1",
    "distance": 81800,
    "monster": "11499|2",
    "time": "0.7000|0.8000"
  },
  {
    "id": 410,
    "boss": "30399|1",
    "distance": 82000,
    "monster": "10699|2",
    "time": "0.7000|0.8000"
  },
  {
    "id": 411,
    "boss": "30499|1",
    "distance": 82200,
    "monster": "11199|2",
    "time": "0.7000|0.8000"
  },
  {
    "id": 412,
    "boss": "30599|1",
    "distance": 82400,
    "monster": "10599|2",
    "time": "0.7000|0.8000"
  },
  {
    "id": 413,
    "boss": "30699|1",
    "distance": 82600,
    "monster": "10699|2",
    "time": "0.7000|0.8000"
  },
  {
    "id": 414,
    "boss": "30799|1",
    "distance": 82800,
    "monster": "11499|2",
    "time": "0.7000|0.8000"
  },
  {
    "id": 415,
    "boss": "30899|1",
    "distance": 83000,
    "monster": "10499|2",
    "time": "0.7000|0.8000"
  },
  {
    "id": 416,
    "boss": "30999|1",
    "distance": 83200,
    "monster": "10999|2",
    "time": "0.7000|0.8000"
  },
  {
    "id": 417,
    "boss": "31099|1",
    "distance": 83400,
    "monster": "10299|2",
    "time": "0.7000|0.8000"
  },
  {
    "id": 418,
    "boss": "31199|1",
    "distance": 83600,
    "monster": "10299|2",
    "time": "0.7000|0.8000"
  },
  {
    "id": 419,
    "boss": "31299|1",
    "distance": 83800,
    "monster": "10999|2",
    "time": "0.7000|0.8000"
  },
  {
    "id": 420,
    "boss": "31499|1",
    "distance": 84000,
    "monster": "10399|2",
    "time": "0.7000|0.8000"
  },
  {
    "id": 421,
    "boss": "30099|1",
    "distance": 84200,
    "monster": "10599|2",
    "time": "0.7000|0.8000"
  },
  {
    "id": 422,
    "boss": "30199|1",
    "distance": 84400,
    "monster": "10199|2",
    "time": "0.7000|0.8000"
  },
  {
    "id": 423,
    "boss": "30299|1",
    "distance": 84600,
    "monster": "11099|2",
    "time": "0.7000|0.8000"
  },
  {
    "id": 424,
    "boss": "30399|1",
    "distance": 84800,
    "monster": "10399|2",
    "time": "0.7000|0.8000"
  },
  {
    "id": 425,
    "boss": "30499|1",
    "distance": 85000,
    "monster": "11499|2",
    "time": "0.7000|0.8000"
  },
  {
    "id": 426,
    "boss": "30599|1",
    "distance": 85200,
    "monster": "10199|2",
    "time": "0.7000|0.8000"
  },
  {
    "id": 427,
    "boss": "30699|1",
    "distance": 85400,
    "monster": "11399|2",
    "time": "0.7000|0.8000"
  },
  {
    "id": 428,
    "boss": "30799|1",
    "distance": 85600,
    "monster": "10799|2",
    "time": "0.7000|0.8000"
  },
  {
    "id": 429,
    "boss": "30899|1",
    "distance": 85800,
    "monster": "11299|2",
    "time": "0.7000|0.8000"
  },
  {
    "id": 430,
    "boss": "30999|1",
    "distance": 86000,
    "monster": "10899|2",
    "time": "0.7000|0.8000"
  },
  {
    "id": 431,
    "boss": "31099|1",
    "distance": 86200,
    "monster": "10699|2",
    "time": "0.7000|0.8000"
  },
  {
    "id": 432,
    "boss": "31199|1",
    "distance": 86400,
    "monster": "11099|2",
    "time": "0.7000|0.8000"
  },
  {
    "id": 433,
    "boss": "31299|1",
    "distance": 86600,
    "monster": "10799|2",
    "time": "0.7000|0.8000"
  },
  {
    "id": 434,
    "boss": "31499|1",
    "distance": 86800,
    "monster": "10299|2",
    "time": "0.7000|0.8000"
  },
  {
    "id": 435,
    "boss": "30099|1",
    "distance": 87000,
    "monster": "11399|2",
    "time": "0.7000|0.8000"
  },
  {
    "id": 436,
    "boss": "30199|1",
    "distance": 87200,
    "monster": "10199|2",
    "time": "0.7000|0.8000"
  },
  {
    "id": 437,
    "boss": "30299|1",
    "distance": 87400,
    "monster": "11099|2",
    "time": "0.7000|0.8000"
  },
  {
    "id": 438,
    "boss": "30399|1",
    "distance": 87600,
    "monster": "10999|2",
    "time": "0.7000|0.8000"
  },
  {
    "id": 439,
    "boss": "30499|1",
    "distance": 87800,
    "monster": "11299|2",
    "time": "0.7000|0.8000"
  },
  {
    "id": 440,
    "boss": "30599|1",
    "distance": 88000,
    "monster": "10299|2",
    "time": "0.7000|0.8000"
  },
  {
    "id": 441,
    "boss": "30699|1",
    "distance": 88200,
    "monster": "10499|2",
    "time": "0.7000|0.8000"
  },
  {
    "id": 442,
    "boss": "30799|1",
    "distance": 88400,
    "monster": "10599|2",
    "time": "0.7000|0.8000"
  },
  {
    "id": 443,
    "boss": "30899|1",
    "distance": 88600,
    "monster": "10799|2",
    "time": "0.7000|0.8000"
  },
  {
    "id": 444,
    "boss": "30999|1",
    "distance": 88800,
    "monster": "11199|2",
    "time": "0.7000|0.8000"
  },
  {
    "id": 445,
    "boss": "31099|1",
    "distance": 89000,
    "monster": "11299|2",
    "time": "0.7000|0.8000"
  },
  {
    "id": 446,
    "boss": "31199|1",
    "distance": 89200,
    "monster": "10299|2",
    "time": "0.7000|0.8000"
  },
  {
    "id": 447,
    "boss": "31299|1",
    "distance": 89400,
    "monster": "10799|2",
    "time": "0.7000|0.8000"
  },
  {
    "id": 448,
    "boss": "31499|1",
    "distance": 89600,
    "monster": "10499|2",
    "time": "0.7000|0.8000"
  },
  {
    "id": 449,
    "boss": "30099|1",
    "distance": 89800,
    "monster": "11099|2",
    "time": "0.7000|0.8000"
  },
  {
    "id": 450,
    "boss": "30199|1",
    "distance": 90000,
    "monster": "11499|2",
    "time": "0.7000|0.8000"
  },
  {
    "id": 451,
    "boss": "30299|1",
    "distance": 90200,
    "monster": "11499|2",
    "time": "0.7000|0.8000"
  },
  {
    "id": 452,
    "boss": "30399|1",
    "distance": 90400,
    "monster": "10699|2",
    "time": "0.7000|0.8000"
  },
  {
    "id": 453,
    "boss": "30499|1",
    "distance": 90600,
    "monster": "11399|2",
    "time": "0.7000|0.8000"
  },
  {
    "id": 454,
    "boss": "30599|1",
    "distance": 90800,
    "monster": "10199|2",
    "time": "0.7000|0.8000"
  },
  {
    "id": 455,
    "boss": "30699|1",
    "distance": 91000,
    "monster": "11499|2",
    "time": "0.7000|0.8000"
  },
  {
    "id": 456,
    "boss": "30799|1",
    "distance": 91200,
    "monster": "11099|2",
    "time": "0.7000|0.8000"
  },
  {
    "id": 457,
    "boss": "30899|1",
    "distance": 91400,
    "monster": "10299|2",
    "time": "0.7000|0.8000"
  },
  {
    "id": 458,
    "boss": "30999|1",
    "distance": 91600,
    "monster": "11399|2",
    "time": "0.7000|0.8000"
  },
  {
    "id": 459,
    "boss": "31099|1",
    "distance": 91800,
    "monster": "10199|2",
    "time": "0.7000|0.8000"
  },
  {
    "id": 460,
    "boss": "31199|1",
    "distance": 92000,
    "monster": "11199|2",
    "time": "0.7000|0.8000"
  },
  {
    "id": 461,
    "boss": "31299|1",
    "distance": 92200,
    "monster": "10299|2",
    "time": "0.7000|0.8000"
  },
  {
    "id": 462,
    "boss": "31499|1",
    "distance": 92400,
    "monster": "10199|2",
    "time": "0.7000|0.8000"
  },
  {
    "id": 463,
    "boss": "30099|1",
    "distance": 92600,
    "monster": "10299|2",
    "time": "0.7000|0.8000"
  },
  {
    "id": 464,
    "boss": "30199|1",
    "distance": 92800,
    "monster": "10699|2",
    "time": "0.7000|0.8000"
  },
  {
    "id": 465,
    "boss": "30299|1",
    "distance": 93000,
    "monster": "11499|2",
    "time": "0.7000|0.8000"
  },
  {
    "id": 466,
    "boss": "30399|1",
    "distance": 93200,
    "monster": "11099|2",
    "time": "0.7000|0.8000"
  },
  {
    "id": 467,
    "boss": "30499|1",
    "distance": 93400,
    "monster": "10999|2",
    "time": "0.7000|0.8000"
  },
  {
    "id": 468,
    "boss": "30599|1",
    "distance": 93600,
    "monster": "10899|2",
    "time": "0.7000|0.8000"
  },
  {
    "id": 469,
    "boss": "30699|1",
    "distance": 93800,
    "monster": "11199|2",
    "time": "0.7000|0.8000"
  },
  {
    "id": 470,
    "boss": "30799|1",
    "distance": 94000,
    "monster": "10999|2",
    "time": "0.7000|0.8000"
  },
  {
    "id": 471,
    "boss": "30899|1",
    "distance": 94200,
    "monster": "11299|2",
    "time": "0.7000|0.8000"
  },
  {
    "id": 472,
    "boss": "30999|1",
    "distance": 94400,
    "monster": "10699|2",
    "time": "0.7000|0.8000"
  },
  {
    "id": 473,
    "boss": "31099|1",
    "distance": 94600,
    "monster": "11199|2",
    "time": "0.7000|0.8000"
  },
  {
    "id": 474,
    "boss": "31199|1",
    "distance": 94800,
    "monster": "10799|2",
    "time": "0.7000|0.8000"
  },
  {
    "id": 475,
    "boss": "31299|1",
    "distance": 95000,
    "monster": "10499|2",
    "time": "0.7000|0.8000"
  },
  {
    "id": 476,
    "boss": "31499|1",
    "distance": 95200,
    "monster": "10599|2",
    "time": "0.7000|0.8000"
  },
  {
    "id": 477,
    "boss": "30099|1",
    "distance": 95400,
    "monster": "10999|2",
    "time": "0.7000|0.8000"
  },
  {
    "id": 478,
    "boss": "30199|1",
    "distance": 95600,
    "monster": "11499|2",
    "time": "0.7000|0.8000"
  },
  {
    "id": 479,
    "boss": "30299|1",
    "distance": 95800,
    "monster": "10299|2",
    "time": "0.7000|0.8000"
  },
  {
    "id": 480,
    "boss": "30399|1",
    "distance": 96000,
    "monster": "10399|2",
    "time": "0.7000|0.8000"
  },
  {
    "id": 481,
    "boss": "30499|1",
    "distance": 96200,
    "monster": "11299|2",
    "time": "0.7000|0.8000"
  },
  {
    "id": 482,
    "boss": "30599|1",
    "distance": 96400,
    "monster": "11399|2",
    "time": "0.7000|0.8000"
  },
  {
    "id": 483,
    "boss": "30699|1",
    "distance": 96600,
    "monster": "11099|2",
    "time": "0.7000|0.8000"
  },
  {
    "id": 484,
    "boss": "30799|1",
    "distance": 96800,
    "monster": "11399|2",
    "time": "0.7000|0.8000"
  },
  {
    "id": 485,
    "boss": "30899|1",
    "distance": 97000,
    "monster": "10599|2",
    "time": "0.7000|0.8000"
  },
  {
    "id": 486,
    "boss": "30999|1",
    "distance": 97200,
    "monster": "10599|2",
    "time": "0.7000|0.8000"
  },
  {
    "id": 487,
    "boss": "31099|1",
    "distance": 97400,
    "monster": "10399|2",
    "time": "0.7000|0.8000"
  },
  {
    "id": 488,
    "boss": "31199|1",
    "distance": 97600,
    "monster": "10399|2",
    "time": "0.7000|0.8000"
  },
  {
    "id": 489,
    "boss": "31299|1",
    "distance": 97800,
    "monster": "11199|2",
    "time": "0.7000|0.8000"
  },
  {
    "id": 490,
    "boss": "31499|1",
    "distance": 98000,
    "monster": "10499|2",
    "time": "0.7000|0.8000"
  },
  {
    "id": 491,
    "boss": "30099|1",
    "distance": 98200,
    "monster": "10399|2",
    "time": "0.7000|0.8000"
  },
  {
    "id": 492,
    "boss": "30199|1",
    "distance": 98400,
    "monster": "10999|2",
    "time": "0.7000|0.8000"
  },
  {
    "id": 493,
    "boss": "30299|1",
    "distance": 98600,
    "monster": "10699|2",
    "time": "0.7000|0.8000"
  },
  {
    "id": 494,
    "boss": "30399|1",
    "distance": 98800,
    "monster": "11099|2",
    "time": "0.7000|0.8000"
  },
  {
    "id": 495,
    "boss": "30499|1",
    "distance": 99000,
    "monster": "10899|2",
    "time": "0.7000|0.8000"
  },
  {
    "id": 496,
    "boss": "30599|1",
    "distance": 99200,
    "monster": "10299|2",
    "time": "0.7000|0.8000"
  },
  {
    "id": 497,
    "boss": "30699|1",
    "distance": 99400,
    "monster": "11499|2",
    "time": "0.7000|0.8000"
  },
  {
    "id": 498,
    "boss": "30799|1",
    "distance": 99600,
    "monster": "10499|2",
    "time": "0.7000|0.8000"
  },
  {
    "id": 499,
    "boss": "30899|1",
    "distance": 99800,
    "monster": "10499|2",
    "time": "0.7000|0.8000"
  },
  {
    "id": 500,
    "boss": "30999|1",
    "distance": 100000,
    "monster": "10399|2",
    "time": "0.7000|0.8000"
  }
]
}