{ 
"RECORDS": 
[
  {
    "id": 1,
    "value": "10",
    "dec": "每次分享的钻石奖励数量"
  },
  {
    "id": 2,
    "value": "3",
    "dec": "关卡每天前几次分享有奖励（关卡模式和无尽模式共享次数）"
  },
  {
    "id": 3,
    "value": "10",
    "dec": "关卡模式每次通关增加的幸运值"
  },
  {
    "id": 4,
    "value": "2",
    "dec": "关卡模式每次失败增加的幸运值"
  },
  {
    "id": 5,
    "value": "20",
    "dec": "无尽模式每次挑战消耗的体力值"
  },
  {
    "id": 6,
    "value": "1",
    "dec": "无尽模式普通怪物积分系数"
  },
  {
    "id": 7,
    "value": "3",
    "dec": "无尽模式特殊怪物积分系数"
  },
  {
    "id": 8,
    "value": "10",
    "dec": "无尽模式boss积分系数"
  },
  {
    "id": 9,
    "value": "1",
    "dec": "每个子弹造成的伤害"
  },
  {
    "id": 10,
    "value": "20",
    "dec": "怪物碰撞造成的伤害"
  },
  {
    "id": 11,
    "value": "202",
    "dec": "初始激活的副武器ID"
  },
  {
    "id": 12,
    "value": "10",
    "dec": "飞机飞行速度（km/s）"
  }
]
}